id,ident,type,name,latitude_deg,longitude_deg,elevation_ft,continent,iso_country,iso_region,municipality,scheduled_service,gps_code,iata_code,local_code,home_link,wikipedia_link,keywords
6807,05AK,small_airport,Wasilla Creek Airpark,61.66830063,-149.1880035,620,NA,US,US-AK,Palmer,yes,05AK,,05AK,,,
12243,5A8,medium_airport,Aleknagik / New Airport,59.2826004,-158.6179962,66,NA,US,US-AK,Aleknagik,yes,5A8,WKK,5A8,,http://en.wikipedia.org/wiki/Aleknagik_Airport,
16089,A79,small_airport,Chignik Lake Airport,56.25500107,-158.7749939,50,NA,US,US-AK,Chignik Lake,yes,A79,KCQ,A79,,http://en.wikipedia.org/wiki/Chignik_Lake_Airport,
16174,AK81,seaplane_base,Amook Bay Seaplane Base,57.4715004,-153.8150024,,NA,US,US-AK,Amook Bay,yes,AK81,AOS,AK81,,http://en.wikipedia.org/wiki/Amook_Bay_Seaplane_Base,
17060,CZN,small_airport,Chisana Airport,62.07120132,-142.0480042,3318,NA,US,US-AK,Chisana,yes,CZN,CZN,CZN,,http://en.wikipedia.org/wiki/Chisana_Airport,Chisana Field
313211,HKB,small_airport,Healy Lake Airport,63.9958,-144.6926,1180,NA,US,US-AK,Healy Lake,yes,,HKB,,,http://en.wikipedia.org/wiki/Healy_Lake_Airport,
17659,HYL,seaplane_base,Hollis Clark Bay Seaplane Base,55.48160172,-132.6459961,0,NA,US,US-AK,Hollis,yes,HYL,HYL,HYL,,http://en.wikipedia.org/wiki/Hollis_Seaplane_Base,
20904,KQA,seaplane_base,Akutan Seaplane Base,54.13377044,-165.7788956,,NA,US,US-AK,Akutan,yes,KQA,KQA,KQA,,http://en.wikipedia.org/wiki/Akutan_Seaplane_Base,
21380,KWP,seaplane_base,West Point Village Seaplane Base,57.77009964,-153.548996,,NA,US,US-AK,West Point,yes,KWP,KWP,KWP,,http://en.wikipedia.org/wiki/West_Point_Village_Seaplane_Base,
308357,KZB,seaplane_base,Zachar Bay Seaplane Base,57.553001,-153.746052,,NA,US,US-AK,Zachar Bay,yes,,KZB,KZB,,http://en.wikipedia.org/wiki/Zachar_Bay_Seaplane_Base,
22655,MYK,small_airport,May Creek Airport,61.33570099,-142.6869965,1650,NA,US,US-AK,May Creek,yes,MYK,MYK,MYK,,http://en.wikipedia.org/wiki/May_Creek_Airport,
5338,PABE,medium_airport,Bethel Airport,60.77980042,-161.8379974,126,NA,US,US-AK,Bethel,yes,PABE,BET,BET,,http://en.wikipedia.org/wiki/Bethel_Airport,
5342,PABR,medium_airport,Wiley Post Will Rogers Memorial Airport,71.28540039,-156.7660065,44,NA,US,US-AK,Barrow,yes,PABR,BRW,BRW,,http://en.wikipedia.org/wiki/Wiley_Post-Will_Rogers_Memorial_Airport,
5348,PACV,medium_airport,Merle K (Mudhole) Smith Airport,60.4917984,-145.4779968,54,NA,US,US-AK,Cordova,yes,PACV,CDV,CDV,,http://en.wikipedia.org/wiki/Merle_K._(Mudhole)_Smith_Airport,
17058,PACY,small_airport,Yakataga Airport,60.08200073,-142.4929962,12,NA,US,US-AK,Yakataga,yes,PACY,CYT,CYT,,http://en.wikipedia.org/wiki/Yakataga_Airport,Cape Yakataga
16092,PADK,medium_airport,Adak Airport,51.87799835,-176.6459961,18,NA,US,US-AK,Adak Island,yes,PADK,ADK,ADK,,http://en.wikipedia.org/wiki/Adak_Airport,
5351,PADL,medium_airport,Dillingham Airport,59.04470062,-158.5050049,81,NA,US,US-AK,Dillingham,yes,PADL,DLG,DLG,,http://en.wikipedia.org/wiki/Dillingham_Airport,
5352,PADM,medium_airport,Marshall Don Hunter Sr Airport,61.86429977,-162.026001,103,NA,US,US-AK,Marshall,yes,PADM,MLL,MDM,,http://en.wikipedia.org/wiki/Marshall_Don_Hunter_Sr._Airport,3A5
5353,PADQ,medium_airport,Kodiak Airport,57.75,-152.4940033,78,NA,US,US-AK,Kodiak,yes,PADQ,ADQ,ADQ,,http://en.wikipedia.org/wiki/Kodiak_Airport,
5354,PADU,medium_airport,Unalaska Airport,53.90010071,-166.5440063,22,NA,US,US-AK,Unalaska,yes,PADU,DUT,DUT,,http://en.wikipedia.org/wiki/Unalaska_Airport,Dutch Harbor
17178,PAEL,seaplane_base,Elfin Cove Seaplane Base,58.19520187,-136.3470001,0,NA,US,US-AK,Elfin Cove,yes,PAEL,ELV,ELV,,http://en.wikipedia.org/wiki/Elfin_Cove_Seaplane_Base,
5358,PAEM,medium_airport,Emmonak Airport,62.78609848,-164.4909973,13,NA,US,US-AK,Emmonak,yes,PAEM,EMK,ENM,,http://en.wikipedia.org/wiki/Emmonak_Airport,
5360,PAFA,large_airport,Fairbanks International Airport,64.81510162,-147.8560028,439,NA,US,US-AK,Fairbanks,yes,PAFA,FAI,FAI,,http://en.wikipedia.org/wiki/Fairbanks_International_Airport,
5366,PAGH,small_airport,Shungnak Airport,66.88809967,-157.1620026,197,NA,US,US-AK,Shungnak,yes,PAGH,SHG,SHG,,http://en.wikipedia.org/wiki/Shungnak_Airport,
5369,PAGS,medium_airport,Gustavus Airport,58.4253006,-135.7070007,35,NA,US,US-AK,Gustavus,yes,PAGS,GST,GST,,http://en.wikipedia.org/wiki/Gustavus_Airport,
24574,PAGY,small_airport,Skagway Airport,59.46009827,-135.3159943,44,NA,US,US-AK,Skagway,yes,PAGY,SGY,SGY,,http://en.wikipedia.org/wiki/Skagway_Airport,
17619,PAHC,medium_airport,Holy Cross Airport,62.18830109,-159.7749939,70,NA,US,US-AK,Holy Cross,yes,PAHC,HCR,HCA,,http://en.wikipedia.org/wiki/Holy_Cross_Airport,4Z4
5372,PAHN,medium_airport,Haines Airport,59.24380112,-135.5240021,15,NA,US,US-AK,Haines,yes,PAHN,HNS,HNS,,http://en.wikipedia.org/wiki/Haines_Airport,
17656,PAHU,small_airport,Hughes Airport,66.04109955,-154.2630005,299,NA,US,US-AK,Hughes,yes,PAHU,HUS,HUS,,http://en.wikipedia.org/wiki/Hughes_Airport_(Alaska),
5375,PAII,medium_airport,Egegik Airport,58.1855011,-157.375,92,NA,US,US-AK,Egegik,yes,PAII,EGX,EII,,http://en.wikipedia.org/wiki/Egegik_Airport,
5379,PAJN,medium_airport,Juneau International Airport,58.35499954,-134.576004,21,NA,US,US-AK,Juneau,yes,PAJN,JNU,JNU,,http://en.wikipedia.org/wiki/Juneau_International_Airport,
18300,PAJZ,small_airport,Koliganek Airport,59.72660065,-157.2590027,269,NA,US,US-AK,Koliganek,yes,PAJZ,KGK,JZZ,,http://en.wikipedia.org/wiki/Koliganek_Airport,
5380,PAKN,medium_airport,King Salmon Airport,58.67679977,-156.6490021,73,NA,US,US-AK,King Salmon,yes,PAKN,AKN,AKN,,http://en.wikipedia.org/wiki/King_Salmon_Airport,
5382,PAKT,medium_airport,Ketchikan International Airport,55.35559845,-131.7140045,89,NA,US,US-AK,Ketchikan,yes,PAKT,KTN,KTN,,http://en.wikipedia.org/wiki/Ketchikan_International_Airport,
20333,PALG,small_airport,Kalskag Airport,61.53630066,-160.3410034,55,NA,US,US-AK,Kalskag,yes,PALG,KLG,KLG,,http://en.wikipedia.org/wiki/Kalskag_Airport,
21844,PAMC,medium_airport,McGrath Airport,62.95289993,-155.6060028,341,NA,US,US-AK,McGrath,yes,PAMC,MCG,MCG,,http://en.wikipedia.org/wiki/McGrath_Airport,
24578,PAMK,small_airport,St Michael Airport,63.49010086,-162.1100006,98,NA,US,US-AK,St Michael,yes,PAMK,SMK,SMK,,http://en.wikipedia.org/wiki/St._Michael_Airport,5S8
22305,PAMO,small_airport,Mountain Village Airport,62.09540176,-163.6820068,337,NA,US,US-AK,Mountain Village,yes,PAMO,MOU,MOU,,http://en.wikipedia.org/wiki/Mountain_Village_Airport,
5388,PANC,large_airport,Ted Stevens Anchorage International Airport,61.17440033,-149.9960022,152,NA,US,US-AK,Anchorage,yes,PANC,ANC,ANC,,http://en.wikipedia.org/wiki/Ted_Stevens_Anchorage_International_Airport,
16291,PANI,medium_airport,Aniak Airport,61.58160019,-159.5429993,88,NA,US,US-AK,Aniak,yes,PANI,ANI,ANI,,http://en.wikipedia.org/wiki/Aniak_Airport,
17468,PANR,seaplane_base,Funter Bay Seaplane Base,58.25439835,-134.897995,0,NA,US,US-AK,Funter Bay,yes,PANR,FNR,FNR,,http://en.wikipedia.org/wiki/Funter_Bay_Seaplane_Base,
5391,PANT,medium_airport,Annette Island Airport,55.04240036,-131.5720062,119,NA,US,US-AK,Annette,yes,PANT,ANN,ANN,,http://en.wikipedia.org/wiki/Annette_Island_Airport,
5393,PAOM,medium_airport,Nome Airport,64.5121994,-165.4450073,37,NA,US,US-AK,Nome,yes,PAOM,OME,OME,,http://en.wikipedia.org/wiki/Nome_Airport,
5395,PAOT,medium_airport,Ralph Wien Memorial Airport,66.88469696,-162.598999,14,NA,US,US-AK,Kotzebue,yes,PAOT,OTZ,OTZ,,http://en.wikipedia.org/wiki/Ralph_Wien_Memorial_Airport,
5398,PAPG,medium_airport,Petersburg James A Johnson Airport,56.80170059,-132.9450073,111,NA,US,US-AK,Petersburg,yes,PAPG,PSG,PSG,,http://en.wikipedia.org/wiki/Petersburg_James_A._Johnson_Airport,
5405,PASC,medium_airport,Deadhorse Airport,70.19470215,-148.4649963,65,NA,US,US-AK,Deadhorse,yes,PASC,SCC,SCC,,http://en.wikipedia.org/wiki/Deadhorse_Airport,
5408,PASI,medium_airport,Sitka Rocky Gutierrez Airport,57.04710007,-135.3619995,21,NA,US,US-AK,Sitka,yes,PASI,SIT,SIT,,http://en.wikipedia.org/wiki/Sitka_Rocky_Gutierrez_Airport,
24908,PATE,small_airport,Teller Airport,65.24040222,-166.3390045,294,NA,US,US-AK,Teller,yes,PATE,TLA,TER,,http://en.wikipedia.org/wiki/Teller_Airport,
25432,PAVA,small_airport,Chevak Airport,61.5409,-165.6005,75,NA,US,US-AK,Chevak,yes,PAVA,VAK,VAK,,http://en.wikipedia.org/wiki/Chevak_Airport,
5421,PAWG,medium_airport,Wrangell Airport,56.48429871,-132.3699951,49,NA,US,US-AK,Wrangell,yes,PAWG,WRG,WRG,,http://en.wikipedia.org/wiki/Wrangell_Airport,
26343,PAYA,medium_airport,Yakutat Airport,59.50329971,-139.6600037,33,NA,US,US-AK,Yakutat,yes,PAYA,YAK,YAK,,http://en.wikipedia.org/wiki/Yakutat_Airport,
13322,PFTO,small_airport,Tok Junction Airport,63.32949829,-142.9539948,1639,NA,US,US-AK,Tok,yes,PFTO,,6K8,,http://en.wikipedia.org/wiki/Tok_Junction_Airport,
24678,SXP,small_airport,Sheldon Point Airport,62.52059937,-164.8480072,12,NA,US,US-AK,Nunam Iqua,yes,SXP,SXP,SXP,,https://en.wikipedia.org/wiki/Sheldon_Point_Airport,
308375,SYB,small_airport,Seal Bay Seaplane Base,58.3733,-152.2018,0,NA,US,US-AK,Seal Bay,yes,,SYB,,,http://en.wikipedia.org/wiki/Seal_Bay_Seaplane_Base,
25980,WSJ,seaplane_base,San Juan /Uganik/ Seaplane Base,57.73040009,-153.3209991,0,NA,US,US-AK,San Juan,yes,WSJ,WSJ,WSJ,,http://en.wikipedia.org/wiki/San_Juan_(Uganik)_Seaplane_Base,
26345,Z13,small_airport,Akiachak Airport,60.90480042,-161.4219971,23,NA,US,US-AK,Akiachak,yes,Z13,KKI,Z13,,https://en.wikipedia.org/wiki/Akiachak_Airport,
26365,Z91,small_airport,Birch Creek Airport,66.27400208,-145.8240051,450,NA,US,US-AK,Birch Creek,yes,Z91,KBC,Z91,,http://en.wikipedia.org/wiki/Birch_Creek_Airport,
3406,KBHM,large_airport,Birmingham-Shuttlesworth International Airport,33.56290054,-86.75350189,650,NA,US,US-AL,Birmingham,yes,KBHM,BHM,BHM,http://www.flybirmingham.com/,http://en.wikipedia.org/wiki/Birmingham_International_Airport_(US),
3489,KDHN,medium_airport,Dothan Regional Airport,31.32130051,-85.44960022,401,NA,US,US-AL,Dothan,yes,KDHN,DHN,DHN,,http://en.wikipedia.org/wiki/Dothan_Regional_Airport,
3594,KHSV,large_airport,Huntsville International Carl T Jones Field,34.6371994,-86.77510071,629,NA,US,US-AL,Huntsville,yes,KHSV,HSV,HSV,http://www.flyhuntsville.com/portal/#.VbaG-_lVhBc,http://en.wikipedia.org/wiki/Huntsville_International_Airport,
3681,KMGM,large_airport,Montgomery Regional (Dannelly Field) Airport,32.30059814,-86.39399719,221,NA,US,US-AL,Montgomery,yes,KMGM,MGM,MGM,http://www.flymgm.com/,http://en.wikipedia.org/wiki/Montgomery_Regional_Airport,
3700,KMOB,large_airport,Mobile Regional Airport,30.69120026,-88.24279785,219,NA,US,US-AL,Mobile,yes,KMOB,MOB,MOB,http://www.mobairport.com/,http://en.wikipedia.org/wiki/Mobile_Regional_Airport,
3706,KMSL,medium_airport,Northwest Alabama Regional Airport,34.74530029,-87.61019897,551,NA,US,US-AL,Muscle Shoals,yes,KMSL,MSL,MSL,,http://en.wikipedia.org/wiki/Northwest_Alabama_Regional_Airport,
3509,KELD,medium_airport,South Arkansas Regional At Goodwin Field,33.22100067,-92.81330109,277,NA,US,US-AR,El Dorado,yes,KELD,ELD,ELD,,http://en.wikipedia.org/wiki/South_Arkansas_Regional_Airport_at_Goodwin_Field,
3543,KFSM,large_airport,Fort Smith Regional Airport,35.33660126,-94.36740112,469,NA,US,US-AR,Fort Smith,yes,KFSM,FSM,FSM,,http://en.wikipedia.org/wiki/Fort_Smith_Regional_Airport,
3587,KHOT,medium_airport,Memorial Field,34.47800064,-93.09619904,540,NA,US,US-AR,Hot Springs,yes,KHOT,HOT,HOT,,http://en.wikipedia.org/wiki/Hot_Springs_Memorial_Field_Airport,
3592,KHRO,medium_airport,Boone County Airport,36.26150131,-93.15470123,1365,NA,US,US-AR,Harrison,yes,KHRO,HRO,HRO,,http://en.wikipedia.org/wiki/Boone_County_Airport,
3621,KJBR,medium_airport,Jonesboro Municipal Airport,35.83169937,-90.64640045,262,NA,US,US-AR,Jonesboro,yes,KJBR,JBR,JBR,,http://en.wikipedia.org/wiki/Jonesboro_Municipal_Airport,
3645,KLIT,large_airport,Bill & Hillary Clinton National Airport/Adams Field,34.72940063,-92.22429657,262,NA,US,US-AR,Little Rock,yes,KLIT,LIT,LIT,,http://en.wikipedia.org/wiki/Little_Rock_National_Airport,
3936,KTXK,medium_airport,Texarkana Regional Webb Field,33.45370102,-93.99099731,390,NA,US,US-AR,Texarkana,yes,KTXK,TXK,TXK,,http://en.wikipedia.org/wiki/Texarkana_Regional_Airport,
43064,US-0014,small_airport,Johnson Farm Lines Airport,35.57120132,-93.57520294,775,NA,US,US-AR,Clarksville,yes,,,,,,
3529,KFHU,medium_airport,Sierra Vista Municipal Libby Army Air Field,31.58849907,-110.3440018,4719,NA,US,US-AZ,Fort Huachuca Sierra Vista,yes,KFHU,FHU,FHU,,http://en.wikipedia.org/wiki/Sierra_Vista_Municipal_Airport,
3530,KFLG,medium_airport,Flagstaff Pulliam Airport,35.13850021,-111.6709976,7014,NA,US,US-AZ,Flagstaff,yes,KFLG,FLG,FLG,,http://en.wikipedia.org/wiki/Flagstaff_Pulliam_Airport,
3551,KGCN,medium_airport,Grand Canyon National Park Airport,35.95240021,-112.1470032,6609,NA,US,US-AZ,Grand Canyon,yes,KGCN,GCN,GCN,http://www.azdot.gov/aviation/airports/airports_list.asp?FAA=GCN,http://en.wikipedia.org/wiki/Grand_Canyon_National_Park_Airport,
20160,KIFP,small_airport,Laughlin Bullhead International Airport,35.15739822,-114.5599976,701,NA,US,US-AZ,Bullhead City,yes,KIFP,IFP,IFP,,http://en.wikipedia.org/wiki/Laughlin/Bullhead_International_Airport,
20161,KIGM,small_airport,Kingman Airport,35.2594986,-113.9380035,3449,NA,US,US-AZ,Kingman,yes,KIGM,IGM,IGM,,http://en.wikipedia.org/wiki/Kingman_Airport_(Arizona),
3961,KNYL,medium_airport,Yuma MCAS/Yuma International Airport,32.65660095,-114.6060028,213,NA,US,US-AZ,Yuma,yes,KNYL,YUM,NYL,,http://en.wikipedia.org/wiki/Yuma_International_Airport,"Yuma MCAS, Yuma Marine Corps Air Station, Formerly KYUM"
3772,KPHX,large_airport,Phoenix Sky Harbor International Airport,33.43429947,-112.012001,1135,NA,US,US-AZ,Phoenix,yes,KPHX,PHX,PHX,http://phoenix.gov/skyharborairport/,http://en.wikipedia.org/wiki/Phoenix_Sky_Harbor_International_Airport,
3789,KPRC,medium_airport,Ernest A. Love Field,34.65449905,-112.4199982,5045,NA,US,US-AZ,Prescott,yes,KPRC,PRC,PRC,,http://en.wikipedia.org/wiki/Ernest_A._Love_Field,
3932,KTUS,large_airport,Tucson International Airport,32.11610031,-110.9410019,2643,NA,US,US-AZ,Tucson,yes,KTUS,TUS,TUS,,http://en.wikipedia.org/wiki/Tucson_International_Airport,
16804,CL85,heliport,Infineon Raceway Pad 1 Heliport,38.1582333,-122.4563167,115,NA,US,US-CA,Sonoma,yes,CL85,,CL85,,,
3362,KACV,medium_airport,Arcata Airport,40.97809982,-124.1090012,221,NA,US,US-CA,Arcata/Eureka,yes,KACV,ACV,ACV,,http://en.wikipedia.org/wiki/Arcata-Eureka_Airport,
3432,KBUR,medium_airport,Bob Hope Airport,34.20069885,-118.3590012,778,NA,US,US-CA,Burbank,yes,KBUR,BUR,BUR,,,
3443,KCEC,medium_airport,Jack Mc Namara Field Airport,41.78020096,-124.2369995,61,NA,US,US-CA,Crescent City,yes,KCEC,CEC,CEC,,http://en.wikipedia.org/wiki/Del_Norte_County_Airport,Jack McNamara Field
3524,KFAT,medium_airport,Fresno Yosemite International Airport,36.77619934,-119.7180023,336,NA,US,US-CA,Fresno,yes,KFAT,FAT,FAT,,http://en.wikipedia.org/wiki/Fresno_Yosemite_International_Airport,
3632,KLAX,large_airport,Los Angeles International Airport,33.94250107,-118.4079971,125,NA,US,US-CA,Los Angeles,yes,KLAX,LAX,LAX,http://www.iflylax.com/,http://en.wikipedia.org/wiki/Los_Angeles_International_Airport,
3644,KLGB,medium_airport,Long Beach /Daugherty Field/ Airport,33.81769943,-118.1520004,60,NA,US,US-CA,Long Beach,yes,KLGB,LGB,LGB,http://www.lgb.org/,http://en.wikipedia.org/wiki/Long_Beach_Airport,Daugherty Field
3701,KMOD,medium_airport,Modesto City Co-Harry Sham Field,37.62580109,-120.9540024,97,NA,US,US-CA,Modesto,yes,KMOD,MOD,MOD,,http://en.wikipedia.org/wiki/Modesto_City-County_Airport,
3705,KMRY,medium_airport,Monterey Peninsula Airport,36.5870018,-121.8430023,257,NA,US,US-CA,Monterey,yes,KMRY,MRY,MRY,,http://en.wikipedia.org/wiki/Monterey_Peninsula_Airport,
3744,KOAK,large_airport,Metropolitan Oakland International Airport,37.72129822,-122.2210007,9,NA,US,US-CA,Oakland,yes,KOAK,OAK,OAK,,http://en.wikipedia.org/wiki/Oakland_International_Airport,"QSF, QBA"
3752,KONT,large_airport,Ontario International Airport,34.05599976,-117.6009979,944,NA,US,US-CA,Ontario,yes,KONT,ONT,ONT,,http://en.wikipedia.org/wiki/LA/Ontario_International_Airport,
3782,KPMD,medium_airport,Palmdale Regional/USAF Plant 42 Airport,34.62939835,-118.0849991,2543,NA,US,US-CA,Palmdale,yes,KPMD,PMD,PMD,,http://en.wikipedia.org/wiki/LA/Palmdale_Regional_Airport,
3792,KPSP,medium_airport,Palm Springs International Airport,33.82970047,-116.5070038,477,NA,US,US-CA,Palm Springs,yes,KPSP,PSP,PSP,http://www.palmspringsca.gov/index.aspx?page=270,http://en.wikipedia.org/wiki/Palm_Springs_International_Airport,
3841,KRDD,medium_airport,Redding Municipal Airport,40.50899887,-122.2929993,505,NA,US,US-CA,Redding,yes,KRDD,RDD,RDD,,http://en.wikipedia.org/wiki/Redding_Municipal_Airport,
3862,KSAN,large_airport,San Diego International Airport,32.73360062,-117.1900024,17,NA,US,US-CA,San Diego,yes,KSAN,SAN,SAN,http://www.san.org/,http://en.wikipedia.org/wiki/San_Diego_International_Airport,Lindbergh Field
3866,KSBA,medium_airport,Santa Barbara Municipal Airport,34.42620087,-119.8399963,13,NA,US,US-CA,Santa Barbara,yes,KSBA,SBA,SBA,,http://en.wikipedia.org/wiki/Santa_Barbara_Airport,
3869,KSBP,medium_airport,San Luis County Regional Airport,35.23680115,-120.6419983,212,NA,US,US-CA,San Luis Obispo,yes,KSBP,SBP,SBP,http://www.sloairport.com/,http://en.wikipedia.org/wiki/San_Luis_Obispo_County_Regional_Airport,SLO Airport
3878,KSFO,large_airport,San Francisco International Airport,37.61899948,-122.375,13,NA,US,US-CA,San Francisco,yes,KSFO,SFO,SFO,http://www.flysfo.com/,http://en.wikipedia.org/wiki/San_Francisco_International_Airport,"QSF, QBA"
3883,KSJC,large_airport,Norman Y. Mineta San Jose International Airport,37.36259842,-121.9290009,62,NA,US,US-CA,San Jose,yes,KSJC,SJC,SJC,,http://en.wikipedia.org/wiki/San_Jose_International_Airport,"QSF, QBA"
3892,KSMF,large_airport,Sacramento International Airport,38.69540024,-121.5910034,27,NA,US,US-CA,Sacramento,yes,KSMF,SMF,SMF,,http://en.wikipedia.org/wiki/Sacramento_International_Airport,
3893,KSMX,medium_airport,Santa Maria Pub/Capt G Allan Hancock Field,34.89889908,-120.4570007,261,NA,US,US-CA,Santa Maria,yes,KSMX,SMX,SMX,,http://en.wikipedia.org/wiki/Santa_Maria_Public_Airport,
3894,KSNA,large_airport,John Wayne Airport-Orange County Airport,33.67570114,-117.8679962,56,NA,US,US-CA,Santa Ana,yes,KSNA,SNA,SNA,http://www.ocair.com/,http://en.wikipedia.org/wiki/John_Wayne_Airport,"Disney, Disneyland, Orange County"
21114,KSTS,medium_airport,Charles M. Schulz Sonoma County Airport,38.50899887,-122.8130035,128,NA,US,US-CA,Santa Rosa,yes,KSTS,STS,STS,http://www.sonomacountyairport.org/,http://en.wikipedia.org/wiki/Charles_M._Schulz_-_Sonoma_County_Airport,
309575,US-0229,small_airport,Bechers Bay Airstrip,33.99624,-120.0456,88,NA,US,US-CA,Santa Rosa Island,yes,,,,,,
6813,05CO,small_airport,Rancho De Aereo Airport,40.2149839,-104.9844228,4978,NA,US,US-CO,Mead,yes,05CO,,05CO,,,
14634,84CO,heliport,Rampart Heliport,39.344239,-104.841906,6480,NA,US,US-CO,Castle Rock,yes,84CO,,84CO,,,
19308,KASE,medium_airport,Aspen-Pitkin Co/Sardy Field,39.22320175,-106.8690033,7820,NA,US,US-CO,Aspen,yes,KASE,ASE,ASE,http://aspenairport.com/,http://en.wikipedia.org/wiki/Aspen%E2%80%93Pitkin_County_Airport,
3463,KCOS,large_airport,City of Colorado Springs Municipal Airport,38.80580139,-104.7009964,6187,NA,US,US-CO,Colorado Springs,yes,KCOS,COS,COS,https://flycos.coloradosprings.gov/,http://en.wikipedia.org/wiki/Colorado_Springs_Airport,
3486,KDEN,large_airport,Denver International Airport,39.86169815,-104.6729965,5431,NA,US,US-CO,Denver,yes,KDEN,DEN,DEN,http://www.flydenver.com/,http://en.wikipedia.org/wiki/Denver_International_Airport,
3505,KEGE,medium_airport,Eagle County Regional Airport,39.64260101,-106.9179993,6548,NA,US,US-CO,Eagle,yes,KEGE,EGE,EGE,http://www.eaglecounty.us/airport/,http://en.wikipedia.org/wiki/Eagle_County_Regional_Airport,
3557,KGJT,medium_airport,Grand Junction Regional Airport,39.12239838,-108.5270004,4858,NA,US,US-CO,Grand Junction,yes,KGJT,GJT,GJT,http://www.gjairport.com/,http://en.wikipedia.org/wiki/Grand_Junction_Regional_Airport,
3794,KPUB,small_airport,Pueblo Memorial Airport,38.28910065,-104.4970016,4726,NA,US,US-CO,Pueblo,yes,KPUB,PUB,PUB,,http://en.wikipedia.org/wiki/Pueblo_Memorial_Airport,
3396,KBDL,large_airport,Bradley International Airport,41.93889999,-72.68319702,173,NA,US,US-CT,Hartford,yes,KBDL,BDL,BDL,http://www.bradleyairport.com/,http://en.wikipedia.org/wiki/Bradley_International_Airport,"HFD, Hartford"
3397,KBDR,medium_airport,Igor I Sikorsky Memorial Airport,41.16350174,-73.12619781,9,NA,US,US-CT,Bridgeport,yes,KBDR,BDR,BDR,,http://en.wikipedia.org/wiki/Sikorsky_Memorial_Airport,
3599,KHVN,medium_airport,Tweed New Haven Airport,41.26369858,-72.88680267,12,NA,US,US-CT,New Haven,yes,KHVN,HVN,HVN,,http://en.wikipedia.org/wiki/Tweed_New_Haven_Regional_Airport,
3483,KDCA,large_airport,Ronald Reagan Washington National Airport,38.85210037,-77.03769684,15,NA,US,US-DC,Washington,yes,KDCA,DCA,DCA,http://www.mwaa.com/national/,http://en.wikipedia.org/wiki/Ronald_Reagan_Washington_National_Airport,WAS
3602,KIAD,large_airport,Washington Dulles International Airport,38.94449997,-77.45580292,312,NA,US,US-DC,Washington,yes,KIAD,IAD,IAD,http://www.mwaa.com/dulles/,http://en.wikipedia.org/wiki/Washington_Dulles_International_Airport,WAS
3608,KILG,medium_airport,New Castle Airport,39.67869949,-75.60649872,80,NA,US,US-DE,Wilmington,yes,KILG,ILG,ILG,,http://en.wikipedia.org/wiki/New_Castle_Airport,
3478,KDAB,medium_airport,Daytona Beach International Airport,29.17989922,-81.05809784,34,NA,US,US-FL,Daytona Beach,yes,KDAB,DAB,DAB,,http://en.wikipedia.org/wiki/Daytona_Beach_International_Airport,
46530,KECP,small_airport,Northwest Florida Beaches International Airport,30.3417,-85.7973,69,NA,US,US-FL,Panama City Beach,yes,KECP,ECP,ECP,http://iflybeaches.com,http://en.wikipedia.org/wiki/Northwest_Florida_Beaches_International_Airport,
3522,KEYW,medium_airport,Key West International Airport,24.55610085,-81.75959778,3,NA,US,US-FL,Key West,yes,KEYW,EYW,EYW,,http://en.wikipedia.org/wiki/Key_West_International_Airport,
3531,KFLL,large_airport,Fort Lauderdale Hollywood International Airport,26.07259941,-80.15270233,9,NA,US,US-FL,Fort Lauderdale,yes,KFLL,FLL,FLL,http://www.fll.net/,http://en.wikipedia.org/wiki/Fort_Lauderdale-Hollywood_International_Airport,"MFW, South Florida"
3559,KGNV,medium_airport,Gainesville Regional Airport,29.69009972,-82.27179718,152,NA,US,US-FL,Gainesville,yes,KGNV,GNV,GNV,,http://en.wikipedia.org/wiki/Gainesville_Regional_Airport,
3620,KJAX,large_airport,Jacksonville International Airport,30.49410057,-81.68789673,30,NA,US,US-FL,Jacksonville,yes,KJAX,JAX,JAX,,http://en.wikipedia.org/wiki/Jacksonville_International_Airport,
3670,KMCO,large_airport,Orlando International Airport,28.42939949,-81.30899811,96,NA,US,US-FL,Orlando,yes,KMCO,MCO,MCO,http://www.orlandoairports.net/,http://en.wikipedia.org/wiki/Orlando_International_Airport,"Disney World,Epcot Center"
3685,KMIA,large_airport,Miami International Airport,25.79319954,-80.29060364,8,NA,US,US-FL,Miami,yes,KMIA,MIA,MIA,http://www.miami-airport.com/,http://en.wikipedia.org/wiki/Miami_International_Airport,"MFW, South Florida"
3693,KMLB,medium_airport,Melbourne International Airport,28.10280037,-80.64530182,33,NA,US,US-FL,Melbourne,yes,KMLB,MLB,MLB,,http://en.wikipedia.org/wiki/Melbourne_International_Airport,
3766,KPBI,large_airport,Palm Beach International Airport,26.68320084,-80.09559631,19,NA,US,US-FL,West Palm Beach,yes,KPBI,PBI,PBI,,http://en.wikipedia.org/wiki/Palm_Beach_International_Airport,"MFW, South Florida"
3775,KPIE,medium_airport,St Petersburg Clearwater International Airport,27.91020012,-82.68740082,11,NA,US,US-FL,St Petersburg-Clearwater,yes,KPIE,PIE,PIE,,http://en.wikipedia.org/wiki/St._Petersburg-Clearwater_International_Airport,
3783,KPNS,medium_airport,Pensacola Regional Airport,30.47340012,-87.18659973,121,NA,US,US-FL,Pensacola,yes,KPNS,PNS,PNS,http://www.flypensacola.com/,http://en.wikipedia.org/wiki/Pensacola_Regional_Airport,
3858,KRSW,large_airport,Southwest Florida International Airport,26.53619957,-81.75520325,30,NA,US,US-FL,Fort Myers,yes,KRSW,RSW,RSW,http://www.flylcpa.com/,http://en.wikipedia.org/wiki/Southwest_Florida_International_Airport,
3876,KSFB,large_airport,Orlando Sanford International Airport,28.77759933,-81.23750305,55,NA,US,US-FL,Orlando,yes,KSFB,SFB,SFB,,http://en.wikipedia.org/wiki/Orlando_Sanford_International_Airport,
3899,KSRQ,large_airport,Sarasota Bradenton International Airport,27.39539909,-82.55439758,30,NA,US,US-FL,Sarasota/Bradenton,yes,KSRQ,SRQ,SRQ,,http://en.wikipedia.org/wiki/Sarasota-Bradenton_International_Airport,
3924,KTLH,large_airport,Tallahassee Regional Airport,30.39649963,-84.35030365,81,NA,US,US-FL,Tallahassee,yes,KTLH,TLH,TLH,,http://en.wikipedia.org/wiki/Tallahassee_Regional_Airport,
3926,KTPA,large_airport,Tampa International Airport,27.97550011,-82.53320313,26,NA,US,US-FL,Tampa,yes,KTPA,TPA,TPA,,http://en.wikipedia.org/wiki/Tampa_International_Airport,
3948,KVPS,large_airport,Eglin Air Force Base,30.48320007,-86.52539825,87,NA,US,US-FL,Valparaiso,yes,KVPS,VPS,VPS,,http://en.wikipedia.org/wiki/Okaloosa_Regional_Airport,Eglin AFB
3359,KABY,medium_airport,Southwest Georgia Regional Airport,31.53549957,-84.19450378,197,NA,US,US-GA,Albany,yes,KABY,ABY,ABY,,http://en.wikipedia.org/wiki/Southwest_Georgia_Regional_Airport,
3368,KAGS,large_airport,Augusta Regional At Bush Field,33.36989975,-81.96450043,144,NA,US,US-GA,Augusta,yes,KAGS,AGS,AGS,,http://en.wikipedia.org/wiki/Augusta_Regional_Airport,
3369,KAHN,medium_airport,Athens Ben Epps Airport,33.94860077,-83.32630157,808,NA,US,US-GA,Athens,yes,KAHN,AHN,AHN,,http://en.wikipedia.org/wiki/Athens-Ben_Epps_Airport,
3384,KATL,large_airport,Hartsfield Jackson Atlanta International Airport,33.63669968,-84.42810059,1026,NA,US,US-GA,Atlanta,yes,KATL,ATL,ATL,http://www.atlanta-airport.com/,http://en.wikipedia.org/wiki/Hartsfield-Jackson_Atlanta_International_Airport,
3424,KBQK,medium_airport,Brunswick Golden Isles Airport,31.25880051,-81.46649933,26,NA,US,US-GA,Brunswick,yes,KBQK,BQK,BQK,,http://en.wikipedia.org/wiki/Brunswick_Golden_Isles_Airport,
3468,KCSG,medium_airport,Columbus Metropolitan Airport,32.5163002,-84.93890381,397,NA,US,US-GA,Columbus,yes,KCSG,CSG,CSG,,http://en.wikipedia.org/wiki/Columbus_Metropolitan_Airport,
3669,KMCN,medium_airport,Middle Georgia Regional Airport,32.69279861,-83.64920044,354,NA,US,US-GA,Macon,yes,KMCN,MCN,MCN,,http://en.wikipedia.org/wiki/Middle_Georgia_Regional_Airport,
3864,KSAV,large_airport,Savannah Hilton Head International Airport,32.12760162,-81.20210266,50,NA,US,US-GA,Savannah,yes,KSAV,SAV,SAV,,http://en.wikipedia.org/wiki/Savannah/Hilton_Head_International_Airport,
3946,KVLD,medium_airport,Valdosta Regional Airport,30.78249931,-83.27670288,203,NA,US,US-GA,Valdosta,yes,KVLD,VLD,VLD,,http://en.wikipedia.org/wiki/Valdosta_Regional_Airport,
5444,PHHN,medium_airport,Hana Airport,20.79560089,-156.0140076,78,NA,US,US-HI,Hana,yes,PHHN,HNM,HNM,,http://en.wikipedia.org/wiki/Hana_Airport,
5446,PHJH,medium_airport,Kapalua Airport,20.96290016,-156.6730042,256,NA,US,US-HI,Lahaina,yes,PHJH,JHM,JHM,,http://en.wikipedia.org/wiki/Kapalua_Airport,
5448,PHKO,medium_airport,Kona International At Keahole Airport,19.73880005,-156.0460052,47,NA,US,US-HI,Kailua/Kona,yes,PHKO,KOA,KOA,,http://en.wikipedia.org/wiki/Kona_International_Airport,
5449,PHLI,medium_airport,Lihue Airport,21.97599983,-159.3390045,153,NA,US,US-HI,Lihue,yes,PHLI,LIH,LIH,,http://en.wikipedia.org/wiki/Lihu'e_Airport,
21732,PHLU,small_airport,Kalaupapa Airport,21.21100044,-156.973999,24,NA,US,US-HI,Kalaupapa,yes,PHLU,LUP,LUP,,http://en.wikipedia.org/wiki/Kalaupapa_Airport,
5450,PHMK,medium_airport,Molokai Airport,21.1529007,-157.095993,454,NA,US,US-HI,Kaunakakai,yes,PHMK,MKK,MKK,,http://en.wikipedia.org/wiki/Molokai_Airport,
5451,PHMU,medium_airport,Waimea Kohala Airport,20.00130081,-155.6679993,2671,NA,US,US-HI,Kamuela,yes,PHMU,MUE,MUE,,http://en.wikipedia.org/wiki/Waimea-Kohala_Airport,
5453,PHNL,large_airport,Honolulu International Airport,21.31870079,-157.9219971,13,NA,US,US-HI,Honolulu,yes,PHNL,HNL,HNL,http://hawaii.gov/dot/airports/hnl/,http://en.wikipedia.org/wiki/Honolulu_International_Airport,"Hickam Air Force Base, HIK, PHIK, KHNL"
5454,PHNY,medium_airport,Lanai Airport,20.78560066,-156.951004,1308,NA,US,US-HI,Lanai City,yes,PHNY,LNY,LNY,,http://en.wikipedia.org/wiki/Lanai_Airport,
5455,PHOG,medium_airport,Kahului Airport,20.89859962,-156.4299927,54,NA,US,US-HI,Kahului,yes,PHOG,OGG,OGG,,http://en.wikipedia.org/wiki/Kahului_Airport,
5457,PHTO,medium_airport,Hilo International Airport,19.72139931,-155.0480042,38,NA,US,US-HI,Hilo,yes,PHTO,ITO,ITO,,http://en.wikipedia.org/wiki/Hilo_International_Airport,
3375,KALO,medium_airport,Waterloo Regional Airport,42.55709839,-92.40029907,873,NA,US,US-IA,Waterloo,yes,KALO,ALO,ALO,,http://en.wikipedia.org/wiki/Waterloo_Regional_Airport,
3425,KBRL,medium_airport,Southeast Iowa Regional Airport,40.78319931,-91.12550354,698,NA,US,US-IA,Burlington,yes,KBRL,BRL,BRL,,http://en.wikipedia.org/wiki/Southeast_Iowa_Regional_Airport,
3451,KCID,large_airport,The Eastern Iowa Airport,41.88470078,-91.71080017,869,NA,US,US-IA,Cedar Rapids,yes,KCID,CID,CID,,http://en.wikipedia.org/wiki/The_Eastern_Iowa_Airport,
3482,KDBQ,large_airport,Dubuque Regional Airport,42.40200043,-90.70950317,1077,NA,US,US-IA,Dubuque,yes,KDBQ,DBQ,DBQ,,http://en.wikipedia.org/wiki/Dubuque_Regional_Airport,
3496,KDSM,large_airport,Des Moines International Airport,41.5340004,-93.6631012,958,NA,US,US-IA,Des Moines,yes,KDSM,DSM,DSM,,http://en.wikipedia.org/wiki/Des_Moines_International_Airport,
3536,KFOD,medium_airport,Fort Dodge Regional Airport,42.55149841,-94.19259644,1156,NA,US,US-IA,Fort Dodge,yes,KFOD,FOD,FOD,,http://en.wikipedia.org/wiki/Fort_Dodge_Regional_Airport,
3909,KSUX,large_airport,Sioux Gateway Col. Bud Day Field,42.40259933,-96.38439941,1098,NA,US,US-IA,Sioux City,yes,KSUX,SUX,SUX,,http://en.wikipedia.org/wiki/Sioux_Gateway_Airport,
3421,KBOI,large_airport,Boise Air Terminal/Gowen field,43.56439972,-116.2229996,2871,NA,US,US-ID,Boise,yes,KBOI,BOI,BOI,http://www.cityofboise.org/departments/airport/,http://en.wikipedia.org/wiki/Boise_Airport,"Boise Air Terminal, Gowen Field"
3606,KIDA,medium_airport,Idaho Falls Regional Airport,43.51459885,-112.0709991,4744,NA,US,US-ID,Idaho Falls,yes,KIDA,IDA,IDA,,http://en.wikipedia.org/wiki/Idaho_Falls_Regional_Airport,
20393,KLWS,medium_airport,Lewiston Nez Perce County Airport,46.37450027,-117.0149994,1442,NA,US,US-ID,Lewiston,yes,KLWS,LWS,LWS,,http://en.wikipedia.org/wiki/Lewiston-Nez_Perce_County_Airport,
3776,KPIH,medium_airport,Pocatello Regional Airport,42.90980148,-112.5960007,4452,NA,US,US-ID,Pocatello,yes,KPIH,PIH,PIH,,http://en.wikipedia.org/wiki/Pocatello_Regional_Airport,
21118,KSUN,medium_airport,Friedman Memorial Airport,43.50439835,-114.2959976,5318,NA,US,US-ID,Hailey,yes,KSUN,SUN,SUN,,http://en.wikipedia.org/wiki/Friedman_Memorial_Airport,
3935,KTWF,medium_airport,Joslin Field Magic Valley Regional Airport,42.48180008,-114.487999,4154,NA,US,US-ID,Twin Falls,yes,KTWF,TWF,TWF,,http://en.wikipedia.org/wiki/Magic_Valley_Regional_Airport,
3419,KBMI,large_airport,Central Illinois Regional Airport at Bloomington-Normal,40.47710037,-88.91590118,871,NA,US,US-IL,Bloomington/Normal,yes,KBMI,BMI,BMI,,http://en.wikipedia.org/wiki/Central_Illinois_Regional_Airport,
3459,KCMI,medium_airport,University of Illinois Willard Airport,40.03919983,-88.27809906,755,NA,US,US-IL,Champaign/Urbana,yes,KCMI,CMI,CMI,,http://en.wikipedia.org/wiki/University_of_Illinois_Willard_Airport,
3485,KDEC,medium_airport,Decatur Airport,39.83459854,-88.86569977,682,NA,US,US-IL,Decatur,yes,KDEC,DEC,DEC,,http://en.wikipedia.org/wiki/Decatur_Airport,
3673,KMDW,large_airport,Chicago Midway International Airport,41.7859993,-87.75240326,620,NA,US,US-IL,Chicago,yes,KMDW,MDW,MDW,http://www.flychicago.com/midway/MidwayHomepage.shtm,http://en.wikipedia.org/wiki/Chicago_Midway_International_Airport,CHI
3695,KMLI,large_airport,Quad City International Airport,41.44850159,-90.50749969,590,NA,US,US-IL,Moline,yes,KMLI,MLI,MLI,,http://en.wikipedia.org/wiki/Quad_City_International_Airport,
3754,KORD,large_airport,Chicago O'Hare International Airport,41.97859955,-87.90480042,672,NA,US,US-IL,Chicago,yes,KORD,ORD,ORD,http://www.flychicago.com/ohare/en/home/Pages/default.aspx,http://en.wikipedia.org/wiki/O'Hare_International_Airport,"CHI, Orchard Place"
3773,KPIA,large_airport,General Wayne A. Downing Peoria International Airport,40.66419983,-89.69329834,660,NA,US,US-IL,Peoria,yes,KPIA,PIA,PIA,,http://en.wikipedia.org/wiki/General_Wayne_A._Downing_Peoria_International_Airport,Peoria International Airport
3845,KRFD,large_airport,Chicago Rockford International Airport,42.19540024,-89.09719849,742,NA,US,US-IL,Chicago/Rockford,yes,KRFD,RFD,RFD,,http://en.wikipedia.org/wiki/Chicago/Rockford_International_Airport,
3897,KSPI,large_airport,Abraham Lincoln Capital Airport,39.84410095,-89.67790222,598,NA,US,US-IL,Springfield,yes,KSPI,SPI,SPI,,http://en.wikipedia.org/wiki/Abraham_Lincoln_Capital_Airport,
3940,KUIN,medium_airport,Quincy Regional Baldwin Field,39.94269943,-91.19460297,768,NA,US,US-IL,Quincy,yes,KUIN,UIN,UIN,,http://en.wikipedia.org/wiki/Quincy_Regional_Airport,
313796,US-0263,closed,Ravenswood Airport,42.01,-87.93,656,NA,US,US-IL,Chicago,yes,,,,,,
10521,3IN6,small_airport,Holloway Field,38.588333,-85.505833,750,NA,US,US-IN,New Washington,yes,3IN6,,3IN6,,,
3518,KEVV,medium_airport,Evansville Regional Airport,38.03699875,-87.53240204,418,NA,US,US-IN,Evansville,yes,KEVV,EVV,EVV,,http://en.wikipedia.org/wiki/Evansville_Regional_Airport,
3547,KFWA,large_airport,Fort Wayne International Airport,40.97850037,-85.19509888,814,NA,US,US-IN,Fort Wayne,yes,KFWA,FWA,FWA,https://fwairport.com/,http://en.wikipedia.org/wiki/Fort_Wayne_International_Airport,Baer Field
3610,KIND,large_airport,Indianapolis International Airport,39.71730042,-86.29440308,797,NA,US,US-IN,Indianapolis,yes,KIND,IND,IND,,http://en.wikipedia.org/wiki/Indianapolis_International_Airport,
3868,KSBN,large_airport,South Bend Regional Airport,41.70869827,-86.31729889,799,NA,US,US-IN,South Bend,yes,KSBN,SBN,SBN,,http://en.wikipedia.org/wiki/South_Bend_Regional_Airport,
3484,KDDC,medium_airport,Dodge City Regional Airport,37.76340103,-99.96559906,2594,NA,US,US-KS,Dodge City,yes,KDDC,DDC,DDC,,http://en.wikipedia.org/wiki/Dodge_City_Regional_Airport,
3550,KGCK,medium_airport,Garden City Regional Airport,37.92750168,-100.723999,2891,AF,US,US-KS,Garden City,yes,KGCK,GCK,GCK,,http://en.wikipedia.org/wiki/Garden_City_Regional_Airport,
3605,KICT,large_airport,Wichita Mid Continent Airport,37.64989853,-97.43309784,1333,NA,US,US-KS,Wichita,yes,KICT,ICT,ICT,,http://en.wikipedia.org/wiki/Kansas_City_International_Airport,
3636,KLBL,medium_airport,Liberal Mid-America Regional Airport,37.0442009,-100.9599991,2885,NA,US,US-KS,Liberal,yes,KLBL,LBL,LBL,,http://en.wikipedia.org/wiki/Liberal_Municipal_Airport,
3683,KMHK,medium_airport,Manhattan Regional Airport,39.14099884,-96.67079926,1057,NA,US,US-KS,Manhattan,yes,KMHK,MHK,MHK,,http://en.wikipedia.org/wiki/Manhattan_Regional_Airport,
3891,KSLN,medium_airport,Salina Municipal Airport,38.79100037,-97.65219879,1288,NA,US,US-KS,Salina,yes,KSLN,SLN,SLN,,http://en.wikipedia.org/wiki/Salina_Municipal_Airport,
3471,KCVG,large_airport,Cincinnati Northern Kentucky International Airport,39.04880142,-84.6678009,896,NA,US,US-KY,Cincinnati,yes,KCVG,CVG,CVG,,http://en.wikipedia.org/wiki/Cincinnati/Northern_Kentucky_International_Airport,
3640,KLEX,large_airport,Blue Grass Airport,38.03649902,-84.60590363,979,NA,US,US-KY,Lexington,yes,KLEX,LEX,LEX,http://www.bluegrassairport.com/,http://en.wikipedia.org/wiki/Blue_Grass_Airport,
3761,KOWB,medium_airport,Owensboro Daviess County Airport,37.74010086,-87.16680145,407,NA,US,US-KY,Owensboro,yes,KOWB,OWB,OWB,,http://en.wikipedia.org/wiki/Owensboro-Daviess_County_Regional_Airport,
3764,KPAH,medium_airport,Barkley Regional Airport,37.06079865,-88.77380371,410,NA,US,US-KY,Paducah,yes,KPAH,PAH,PAH,,http://en.wikipedia.org/wiki/Barkley_Regional_Airport,
3873,KSDF,large_airport,Louisville International Standiford Field,38.17440033,-85.73600006,501,NA,US,US-KY,Louisville,yes,KSDF,SDF,SDF,,http://en.wikipedia.org/wiki/Louisville_International_Airport,
10566,3LA7,heliport,Variable Bor Ram Heliport,30.076753,-91.948969,30,NA,US,US-LA,Broussard,yes,3LA7,,3LA7,,,
3365,KAEX,medium_airport,Alexandria International Airport,31.32740021,-92.54979706,89,NA,US,US-LA,Alexandria,yes,KAEX,AEX,AEX,,http://en.wikipedia.org/wiki/Alexandria_International_Airport,
3429,KBTR,large_airport,"Baton Rouge Metropolitan, Ryan Field",30.53319931,-91.14959717,70,NA,US,US-LA,Baton Rouge,yes,KBTR,BTR,BTR,,http://en.wikipedia.org/wiki/Baton_Rouge_Metropolitan_Airport,
3637,KLCH,medium_airport,Lake Charles Regional Airport,30.12610054,-93.22329712,15,NA,US,US-LA,Lake Charles,yes,KLCH,LCH,LCH,,http://en.wikipedia.org/wiki/Lake_Charles_Regional_Airport,
3642,KLFT,large_airport,Lafayette Regional Airport,30.20529938,-91.98760223,42,NA,US,US-LA,Lafayette,yes,KLFT,LFT,LFT,http://www.lftairport.com/Home,http://en.wikipedia.org/wiki/Lafayette_Regional_Airport,
3697,KMLU,large_airport,Monroe Regional Airport,32.51089859,-92.03769684,79,NA,US,US-LA,Monroe,yes,KMLU,MLU,MLU,,http://en.wikipedia.org/wiki/Monroe_Regional_Airport,
3711,KMSY,large_airport,Louis Armstrong New Orleans International Airport,29.99340057,-90.25800323,4,NA,US,US-LA,New Orleans,yes,KMSY,MSY,MSY,,http://en.wikipedia.org/wiki/Louis_Armstrong_New_Orleans_International_Airport,
3882,KSHV,large_airport,Shreveport Regional Airport,32.44660187,-93.82559967,258,NA,US,US-LA,Shreveport,yes,KSHV,SHV,SHV,,http://en.wikipedia.org/wiki/Shreveport_Regional_Airport,
21562,LA95,heliport,Abbeville General Hospital Heliport,29.974361,-92.108433,13,NA,US,US-LA,Abbeville,yes,LA95,,LA95,,,
46009,US-0096,heliport,Camp Canard Heliport,29.71360016,-92.76290131,2,NA,US,US-LA,Grand Chenier,yes,,,,,,
3360,KACK,medium_airport,Nantucket Memorial Airport,41.25310135,-70.06020355,47,NA,US,US-MA,Nantucket,yes,KACK,ACK,ACK,,http://en.wikipedia.org/wiki/Nantucket_Memorial_Airport,
3422,KBOS,large_airport,General Edward Lawrence Logan International Airport,42.36429977,-71.00520325,20,NA,US,US-MA,Boston,yes,KBOS,BOS,BOS,http://www.massport.com/logan/,http://en.wikipedia.org/wiki/Logan_International_Airport,General Edward Lawrence Logan International Airport
3519,KEWB,medium_airport,New Bedford Regional Airport,41.67610168,-70.95690155,80,NA,US,US-MA,New Bedford,yes,KEWB,EWB,EWB,,http://en.wikipedia.org/wiki/New_Bedford_Regional_Airport,
3600,KHYA,medium_airport,Barnstable Municipal Boardman Polando Field,41.66930008,-70.28040314,54,NA,US,US-MA,Hyannis,yes,KHYA,HYA,HYA,,http://en.wikipedia.org/wiki/Barnstable_Municipal_Airport,
20578,KMVY,small_airport,Martha's Vineyard Airport,41.39310074,-70.61430359,67,NA,US,US-MA,Martha's Vineyard,yes,KMVY,MVY,MVY,,http://en.wikipedia.org/wiki/Martha's_Vineyard_Airport,
3435,KBWI,large_airport,Baltimore/Washington International Thurgood Marshall Airport,39.17539978,-76.66829681,146,NA,US,US-MD,Baltimore,yes,KBWI,BWI,BWI,,http://en.wikipedia.org/wiki/Baltimore-Washington_International_Thurgood_Marshall_Airport,WAS
3870,KSBY,medium_airport,Salisbury Ocean City Wicomico Regional Airport,38.34049988,-75.51029968,52,NA,US,US-MD,Salisbury,yes,KSBY,SBY,SBY,,http://en.wikipedia.org/wiki/Wicomico_Regional_Airport,
19321,KAUG,medium_airport,Augusta State Airport,44.3205986,-69.79730225,352,NA,US,US-ME,Augusta,yes,KAUG,AUG,AUG,,http://en.wikipedia.org/wiki/Augusta_State_Airport,
3405,KBGR,large_airport,Bangor International Airport,44.80739975,-68.82810211,192,NA,US,US-ME,Bangor,yes,KBGR,BGR,BGR,,http://en.wikipedia.org/wiki/Bangor_International_Airport,
19373,KBHB,medium_airport,Hancock County-Bar Harbor Airport,44.45000076,-68.3615036,83,NA,US,US-ME,Bar Harbor,yes,KBHB,BHB,BHB,,http://en.wikipedia.org/wiki/Hancock_County-Bar_Harbor_Airport,
3787,KPQI,medium_airport,Northern Maine Regional Airport at Presque Isle,46.68899918,-68.0447998,534,NA,US,US-ME,Presque Isle,yes,KPQI,PQI,PQI,,http://en.wikipedia.org/wiki/Northern_Maine_Regional_Airport_at_Presque_Isle,
3796,KPWM,large_airport,Portland International Jetport Airport,43.64619827,-70.30930328,76,NA,US,US-ME,Portland,yes,KPWM,PWM,PWM,,http://en.wikipedia.org/wiki/Portland_International_Jetport,
3382,KAPN,medium_airport,Alpena County Regional Airport,45.0780983,-83.56030273,690,NA,US,US-MI,Alpena,yes,KAPN,APN,APN,,http://en.wikipedia.org/wiki/Alpena_County_Regional_Airport,
3390,KAZO,medium_airport,Kalamazoo Battle Creek International Airport,42.23490143,-85.55210114,874,NA,US,US-MI,Kalamazoo,yes,KAZO,AZO,AZO,,http://en.wikipedia.org/wiki/Kalamazoo-Battle_Creek_International_Airport,
3452,KCIU,medium_airport,Chippewa County International Airport,46.25080109,-84.47239685,800,NA,US,US-MI,Sault Ste Marie,yes,KCIU,CIU,CIU,,http://en.wikipedia.org/wiki/Chippewa_County_International_Airport,
3460,KCMX,medium_airport,Houghton County Memorial Airport,47.16839981,-88.4890976,1095,NA,US,US-MI,Hancock,yes,KCMX,CMX,CMX,,http://en.wikipedia.org/wiki/Houghton_County_Memorial_Airport,
3497,KDTW,large_airport,Detroit Metropolitan Wayne County Airport,42.21239853,-83.35340118,645,NA,US,US-MI,Detroit,yes,KDTW,DTW,DTW,http://www.metroairport.com/,http://en.wikipedia.org/wiki/Detroit_Metropolitan_Wayne_County_Airport,"DTT, Detroit Metro Airport"
3535,KFNT,medium_airport,Bishop International Airport,42.9654007,-83.74359894,782,NA,US,US-MI,Flint,yes,KFNT,FNT,FNT,,http://en.wikipedia.org/wiki/Bishop_International_Airport,
3566,KGRR,medium_airport,Gerald R. Ford International Airport,42.88079834,-85.52279663,794,NA,US,US-MI,Grand Rapids,yes,KGRR,GRR,GRR,,http://en.wikipedia.org/wiki/Gerald_R._Ford_International_Airport,
3629,KLAN,medium_airport,Capital City Airport,42.77870178,-84.58740234,861,NA,US,US-MI,Lansing,yes,KLAN,LAN,LAN,,http://en.wikipedia.org/wiki/Lansing_Capital_City_Airport,
3664,KMBS,large_airport,MBS International Airport,43.53290176,-84.07959747,668,NA,US,US-MI,Saginaw,yes,KMBS,MBS,MBS,http://www.mbsairport.org/,http://en.wikipedia.org/wiki/MBS_International_Airport,"Tri City Airport, Midland, Bay City"
3691,KMKG,small_airport,Muskegon County Airport,43.16949844,-86.23819733,629,NA,US,US-MI,Muskegon,yes,KMKG,MKG,MKG,,http://en.wikipedia.org/wiki/Muskegon_County_Airport,
3781,KPLN,medium_airport,Pellston Regional Airport of Emmet County Airport,45.57089996,-84.79669952,721,NA,US,US-MI,Pellston,yes,KPLN,PLN,PLN,,http://en.wikipedia.org/wiki/Pellston_Regional_Airport,
3933,KTVC,medium_airport,Cherry Capital Airport,44.74140167,-85.5821991,624,NA,US,US-MI,Traverse City,yes,KTVC,TVC,TVC,,http://en.wikipedia.org/wiki/Cherry_Capital_Airport,
19406,KBRD,medium_airport,Brainerd Lakes Regional Airport,46.39830017,-94.13809967,1232,NA,US,US-MN,Brainerd,yes,KBRD,BRD,BRD,http://brainerdairport.com/,http://en.wikipedia.org/wiki/Brainerd_Lakes_Regional_Airport,Crow Wing County Airport
3491,KDLH,large_airport,Duluth International Airport,46.84209824,-92.19360352,1428,NA,US,US-MN,Duluth,yes,KDLH,DLH,DLH,http://www.duluthairport.com/,http://en.wikipedia.org/wiki/Duluth_International_Airport,"LKI, Duluth Air National Guard Base, Lakeside AFB"
3579,KHIB,large_airport,Range Regional Airport,47.38660049,-92.83899689,1354,NA,US,US-MN,Hibbing,yes,KHIB,HIB,HIB,,http://en.wikipedia.org/wiki/Range_Regional_Airport,Chisholm Hibbing Airport
3612,KINL,medium_airport,Falls International Airport,48.56620026,-93.40309906,1185,NA,US,US-MN,International Falls,yes,KINL,INL,INL,,http://en.wikipedia.org/wiki/Falls_International_Airport,
3709,KMSP,large_airport,Minneapolis-St Paul International/Wold-Chamberlain Airport,44.88199997,-93.22180176,841,NA,US,US-MN,Minneapolis,yes,KMSP,MSP,MSP,http://www.mspairport.com/,http://en.wikipedia.org/wiki/Minneapolis-Saint_Paul_International_Airport,
3857,KRST,large_airport,Rochester International Airport,43.90829849,-92.5,1317,NA,US,US-MN,Rochester,yes,KRST,RST,RST,,http://en.wikipedia.org/wiki/Rochester_International_Airport,
3903,KSTC,medium_airport,St Cloud Regional Airport,45.54660034,-94.05989838,1031,NA,US,US-MN,St Cloud,yes,KSTC,STC,STC,,http://en.wikipedia.org/wiki/St._Cloud_Regional_Airport,
45961,BBG,small_airport,Branson Airport,36.532082,-93.200544,1302,NA,US,US-MO,Branson,yes,KBBG,BKG,BBG,http://flybranson.com/,http://en.wikipedia.org/wiki/Branson_Airport,
3447,KCGI,medium_airport,Cape Girardeau Regional Airport,37.22529984,-89.57080078,342,NA,US,US-MO,Cape Girardeau,yes,KCGI,CGI,CGI,,http://en.wikipedia.org/wiki/Cape_Girardeau_Regional_Airport,
3464,KCOU,medium_airport,Columbia Regional Airport,38.81809998,-92.21959686,889,NA,US,US-MO,Columbia,yes,KCOU,COU,COU,,http://en.wikipedia.org/wiki/Columbia_Regional_Airport,
3615,KIRK,medium_airport,Kirksville Regional Airport,40.09349823,-92.54489899,966,NA,US,US-MO,Kirksville,yes,KIRK,IRK,IRK,,http://en.wikipedia.org/wiki/Kirksville_Regional_Airport,
3623,KJLN,large_airport,Joplin Regional Airport,37.15179825,-94.49829865,981,NA,US,US-MO,Joplin,yes,KJLN,JLN,JLN,,http://en.wikipedia.org/wiki/Joplin_Regional_Airport,
3668,KMCI,large_airport,Kansas City International Airport,39.29759979,-94.71389771,1026,NA,US,US-MO,Kansas City,yes,KMCI,MCI,MCI,,,
3879,KSGF,large_airport,Springfield Branson National Airport,37.24570084,-93.38860321,1268,NA,US,US-MO,Springfield,yes,KSGF,SGF,SGF,,http://en.wikipedia.org/wiki/Springfield/Branson_National_Airport,
3905,KSTL,large_airport,Lambert St Louis International Airport,38.74869919,-90.37000275,618,NA,US,US-MO,St Louis,yes,KSTL,STL,STL,http://www.lambert-stlouis.com/,http://en.wikipedia.org/wiki/Lambert-St._Louis_International_Airport,
3915,KTBN,medium_airport,Waynesville-St. Robert Regional Forney field,37.74160004,-92.14070129,1159,NA,US,US-MO,Fort Leonard Wood,yes,KTBN,TBN,TBN,,http://en.wikipedia.org/wiki/Waynesville_Regional_Airport_at_Forney_Field,
22281,MO76,heliport,Life Line 2 Heliport,37.8232444,-92.1610167,1059,NA,US,US-MO,Saint Robert,yes,MO76,,MO76,,,
19958,KGLH,medium_airport,Mid Delta Regional Airport,33.48289871,-90.98560333,131,NA,US,US-MS,Greenville,yes,KGLH,GLH,GLH,,,
3561,KGPT,large_airport,Gulfport Biloxi International Airport,30.40730095,-89.07009888,28,NA,US,US-MS,Gulfport,yes,KGPT,GPT,GPT,,http://en.wikipedia.org/wiki/Gulfport-Biloxi_International_Airport,
19982,KGTR,medium_airport,Golden Triangle Regional Airport,33.45029831,-88.59140015,264,NA,US,US-MS,Columbus/W Point/Starkville,yes,KGTR,GTR,GTR,,,
3619,KJAN,large_airport,Jackson-Medgar Wiley Evers International Airport,32.31119919,-90.07589722,346,NA,US,US-MS,Jackson,yes,KJAN,JAN,JAN,,http://en.wikipedia.org/wiki/Jackson-Evers_International_Airport,
3674,KMEI,medium_airport,Key Field,32.33259964,-88.75189972,297,NA,US,US-MS,Meridian,yes,KMEI,MEI,MEI,,http://en.wikipedia.org/wiki/Meridian_Regional_Airport,
3774,KPIB,medium_airport,Hattiesburg Laurel Regional Airport,31.46710014,-89.33709717,298,NA,US,US-MS,Hattiesburg/Laurel,yes,KPIB,PIB,PIB,,http://en.wikipedia.org/wiki/Hattiesburg-Laurel_Regional_Airport,
3931,KTUP,medium_airport,Tupelo Regional Airport,34.26810074,-88.76989746,346,NA,US,US-MS,Tupelo,yes,KTUP,TUP,TUP,,http://en.wikipedia.org/wiki/Tupelo_Regional_Airport,
3408,KBIL,large_airport,Billings Logan International Airport,45.80770111,-108.5429993,3652,NA,US,US-MT,Billings,yes,KBIL,BIL,BIL,,http://en.wikipedia.org/wiki/Billings_Logan_International_Airport,
3428,KBTM,medium_airport,Bert Mooney Airport,45.95479965,-112.4970016,5550,NA,US,US-MT,Butte,yes,KBTM,BTM,BTM,,http://en.wikipedia.org/wiki/Bert_Mooney_Airport,
3437,KBZN,medium_airport,Gallatin Field,45.77750015,-111.1529999,4473,NA,US,US-MT,Bozeman,yes,KBZN,BZN,BZN,,http://en.wikipedia.org/wiki/Gallatin_Field_Airport,
3556,KGGW,medium_airport,Wokal Field Glasgow International Airport,48.21250153,-106.6149979,2296,NA,US,US-MT,Glasgow,yes,KGGW,GGW,GGW,,http://en.wikipedia.org/wiki/Glasgow_Airport_(US),
3527,KGPI,medium_airport,Glacier Park International Airport,48.3105011,-114.2559967,2977,NA,US,US-MT,Kalispell,yes,KGPI,FCA,GPI,http://www.iflyglacier.com/,http://en.wikipedia.org/wiki/Glacier_Park_International_Airport,Formerly KFCA
3571,KGTF,medium_airport,Great Falls International Airport,47.48199844,-111.3710022,3680,NA,US,US-MT,Great Falls,yes,KGTF,GTF,GTF,,http://en.wikipedia.org/wiki/Great_Falls_International_Airport,
3582,KHLN,medium_airport,Helena Regional Airport,46.60680008,-111.9830017,3877,NA,US,US-MT,Helena,yes,KHLN,HLN,HLN,,http://en.wikipedia.org/wiki/Helena_Regional_Airport,
3661,KLWT,medium_airport,Lewistown Municipal Airport,47.04930115,-109.4670029,4170,NA,US,US-MT,Lewistown,yes,KLWT,LWT,LWT,,http://en.wikipedia.org/wiki/Lewistown_Municipal_Airport,
3696,KMLS,medium_airport,Frank Wiley Field,46.4280014,-105.8860016,2630,NA,US,US-MT,Miles City,yes,KMLS,MLS,MLS,,http://en.wikipedia.org/wiki/Miles_City_Municipal_Airport,
3708,KMSO,medium_airport,Missoula International Airport,46.91630173,-114.0910034,3206,NA,US,US-MT,Missoula,yes,KMSO,MSO,MSO,,http://en.wikipedia.org/wiki/Missoula_International_Airport,
21747,M62,heliport,Rotorcraft Heliport,46.20669937,-114.1529999,3630,NA,US,US-MT,Hamilton,yes,M62,,M62,,,
3387,KAVL,large_airport,Asheville Regional Airport,35.43619919,-82.54180145,2165,NA,US,US-NC,Asheville,yes,KAVL,AVL,AVL,,http://en.wikipedia.org/wiki/Asheville_Regional_Airport,
3457,KCLT,large_airport,Charlotte Douglas International Airport,35.2140007,-80.94309998,748,NA,US,US-NC,Charlotte,yes,KCLT,CLT,CLT,http://www.charlotteairport.com/,http://en.wikipedia.org/wiki/Charlotte/Douglas_International_Airport,
3520,KEWN,medium_airport,Coastal Carolina Regional Airport,35.07300186,-77.04290009,18,NA,US,US-NC,New Bern,yes,KEWN,EWN,EWN,,http://en.wikipedia.org/wiki/Craven_County_Regional_Airport,
3525,KFAY,medium_airport,Fayetteville Regional Grannis Field,34.99119949,-78.88030243,189,NA,US,US-NC,Fayetteville,yes,KFAY,FAY,FAY,,http://en.wikipedia.org/wiki/Fayetteville_Regional_Airport,
3568,KGSO,large_airport,Piedmont Triad International Airport,36.09780121,-79.93730164,925,NA,US,US-NC,Greensboro,yes,KGSO,GSO,GSO,,http://en.wikipedia.org/wiki/Piedmont_Triad_International_Airport,
3609,KILM,medium_airport,Wilmington International Airport,34.27059937,-77.90260315,32,NA,US,US-NC,Wilmington,yes,KILM,ILM,ILM,,http://en.wikipedia.org/wiki/Wilmington_International_Airport,
3844,KRDU,large_airport,Raleigh Durham International Airport,35.87760162,-78.78749847,435,NA,US,US-NC,Raleigh/Durham,yes,KRDU,RDU,RDU,,http://en.wikipedia.org/wiki/Raleigh-Durham_International_Airport,
3409,KBIS,medium_airport,Bismarck Municipal Airport,46.77270126,-100.7460022,1661,NA,US,US-ND,Bismarck,yes,KBIS,BIS,BIS,http://bismarckairport.com/,http://en.wikipedia.org/wiki/Bismarck_Municipal_Airport,
3523,KFAR,medium_airport,Hector International Airport,46.92070007,-96.81580353,902,NA,US,US-ND,Fargo,yes,KFAR,FAR,FAR,http://www.fargoairport.com/,http://en.wikipedia.org/wiki/Hector_International_Airport,"119th Wing, Happy Hooligans"
3553,KGFK,medium_airport,Grand Forks International Airport,47.94929886,-97.17610168,845,NA,US,US-ND,Grand Forks,yes,KGFK,GFK,GFK,,http://en.wikipedia.org/wiki/Grand_Forks_International_Airport,
3624,KJMS,medium_airport,Jamestown Regional Airport,46.92969894,-98.67819977,1500,NA,US,US-ND,Jamestown,yes,KJMS,JMS,JMS,,http://en.wikipedia.org/wiki/Jamestown_Regional_Airport,
3702,KMOT,medium_airport,Minot International Airport,48.25939941,-101.2799988,1716,NA,US,US-ND,Minot,yes,KMOT,MOT,MOT,,http://en.wikipedia.org/wiki/Minot_International_Airport,
3400,KBFF,medium_airport,Western Neb. Rgnl/William B. Heilig Airport,41.87400055,-103.5960007,3967,NA,US,US-NE,Scottsbluff,yes,KBFF,BFF,BFF,,http://en.wikipedia.org/wiki/Western_Nebraska_Regional_Airport,William B. Heilig Field
19376,KBIE,small_airport,Beatrice Municipal Airport,40.30130005,-96.75409698,1324,NA,US,US-NE,Beatrice,yes,KBIE,BIE,BIE,http://beatriceairport.com/,,
19716,KEAR,small_airport,Kearney Regional Airport,40.72700119,-99.00679779,2131,NA,US,US-NE,Kearney,yes,KEAR,EAR,EAR,,http://en.wikipedia.org/wiki/Kearney_Municipal_Airport,
3564,KGRI,medium_airport,Central Nebraska Regional Airport,40.96749878,-98.30960083,1847,NA,US,US-NE,Grand Island,yes,KGRI,GRI,GRI,,http://en.wikipedia.org/wiki/Central_Nebraska_Regional_Airport,
3635,KLBF,medium_airport,North Platte Regional Airport Lee Bird Field,41.12620163,-100.6839981,2777,NA,US,US-NE,North Platte,yes,KLBF,LBF,LBF,,http://en.wikipedia.org/wiki/North_Platte_Regional_Airport,
3647,KLNK,medium_airport,Lincoln Airport,40.85100174,-96.75920105,1219,NA,US,US-NE,Lincoln,yes,KLNK,LNK,LNK,http://www.lincolnairport.com/,http://en.wikipedia.org/wiki/Lincoln_Airport_%28Nebraska%29,"Lincoln Army Air Field, Lincoln Air Force Base, 155th Air Refueling Wing"
3751,KOMA,medium_airport,Eppley Airfield,41.30319977,-95.89409637,984,NA,US,US-NE,Omaha,yes,KOMA,OMA,OMA,,http://en.wikipedia.org/wiki/Eppley_Airfield,
3639,KLEB,medium_airport,Lebanon Municipal Airport,43.62609863,-72.30419922,603,NA,US,US-NH,Lebanon,yes,KLEB,LEB,LEB,http://flyleb.com/,http://en.wikipedia.org/wiki/Lebanon_Municipal_Airport_(New_Hampshire),
3684,KMHT,large_airport,Manchester Airport,42.93259811,-71.43569946,266,NA,US,US-NH,Manchester,yes,KMHT,MHT,MHT,,http://en.wikipedia.org/wiki/Manchester-Boston_Regional_Airport,
3791,KPSM,medium_airport,Portsmouth International at Pease Airport,43.07789993,-70.82330322,100,NA,US,US-NH,Portsmouth,yes,KPSM,PSM,PSM,,http://en.wikipedia.org/wiki/Pease_International_Airport,
3363,KACY,medium_airport,Atlantic City International Airport,39.45759964,-74.57720184,75,NA,US,US-NJ,Atlantic City,yes,KACY,ACY,ACY,,http://en.wikipedia.org/wiki/Atlantic_City_International_Airport,
3521,KEWR,large_airport,Newark Liberty International Airport,40.69250107,-74.16870117,18,NA,US,US-NJ,Newark,yes,KEWR,EWR,EWR,http://www.panynj.gov/CommutingTravel/airports/html/newarkliberty.html,http://en.wikipedia.org/wiki/Newark_Liberty_International_Airport,"Manhattan, New York City, NYC"
3929,KTTN,medium_airport,Trenton Mercer Airport,40.27669907,-74.81349945,213,NA,US,US-NJ,Trenton,yes,KTTN,TTN,TTN,,http://en.wikipedia.org/wiki/Trenton-Mercer_Airport,
16091,KABQ,large_airport,Albuquerque International Sunport Airport,35.04019928,-106.6090012,5355,NA,US,US-NM,Albuquerque,yes,KABQ,ABQ,ABQ,,http://en.wikipedia.org/wiki/Albuquerque_International_Sunport,
3461,KCNM,medium_airport,Cavern City Air Terminal,32.33750153,-104.2630005,3295,NA,US,US-NM,Carlsbad,yes,KCNM,CNM,CNM,,http://en.wikipedia.org/wiki/Cavern_City_Air_Terminal,
3856,KROW,medium_airport,Roswell International Air Center Airport,33.30160141,-104.5309982,3671,NA,US,US-NM,Roswell,yes,KROW,ROW,ROW,,http://en.wikipedia.org/wiki/Roswell_International_Air_Center,"Roswell Army Air Field, Walker Air Force Base"
21121,KSVC,small_airport,Grant County Airport,32.63650131,-108.1559982,5446,NA,US,US-NM,Silver City,yes,KSVC,SVC,SVC,,http://en.wikipedia.org/wiki/Grant_County_Airport,
3508,KEKO,medium_airport,Elko Regional Airport,40.82490158,-115.7919998,5140,NA,US,US-NV,Elko,yes,KEKO,EKO,EKO,,http://en.wikipedia.org/wiki/Elko_Regional_Airport,
3631,KLAS,large_airport,McCarran International Airport,36.08010101,-115.1520004,2181,NA,US,US-NV,Las Vegas,yes,KLAS,LAS,LAS,http://www.mccarran.com/,http://en.wikipedia.org/wiki/McCarran_International_Airport,
3853,KRNO,large_airport,Reno Tahoe International Airport,39.49909973,-119.7679977,4415,NA,US,US-NV,Reno,yes,KRNO,RNO,RNO,,http://en.wikipedia.org/wiki/Reno-Tahoe_International_Airport,
7904,14NY,heliport,Windy's Heliport,40.7975502,-73.41790009,222,NA,US,US-NY,Melville,yes,14NY,,14NY,,,
13405,6N5,heliport,East 34th Street Heliport,40.74259949,-73.9720993,10,NA,US,US-NY,New York,yes,6N5,TSS,6N5,,,
3371,KALB,medium_airport,Albany International Airport,42.74829865,-73.80169678,285,NA,US,US-NY,Albany,yes,KALB,ALB,ALB,http://www.albanyairport.com/,http://en.wikipedia.org/wiki/Albany_International_Airport,
3383,KART,medium_airport,Watertown International Airport,43.9919014,-76.021698,325,NA,US,US-NY,Watertown,yes,KART,ART,ART,,http://en.wikipedia.org/wiki/Watertown_International_Airport,
3404,KBGM,medium_airport,Greater Binghamton/Edwin A Link field,42.20869827,-75.97979736,1636,NA,US,US-NY,Binghamton,yes,KBGM,BGM,BGM,http://binghamtonairport.com/,http://en.wikipedia.org/wiki/Greater_Binghamton_Airport,"Broome County Airport, Edwin A Link Field"
3431,KBUF,large_airport,Buffalo Niagara International Airport,42.94049835,-78.73220062,728,NA,US,US-NY,Buffalo,yes,KBUF,BUF,BUF,,http://en.wikipedia.org/wiki/Buffalo_Niagara_International_Airport,
3510,KELM,medium_airport,Elmira Corning Regional Airport,42.15990067,-76.89160156,954,NA,US,US-NY,Elmira/Corning,yes,KELM,ELM,ELM,,http://en.wikipedia.org/wiki/Elmira-Corning_Regional_Airport,
3589,KHPN,medium_airport,Westchester County Airport,41.06700134,-73.70760345,439,NA,US,US-NY,White Plains,yes,KHPN,HPN,HPN,,http://en.wikipedia.org/wiki/Westchester_County_Airport,"Manhattan, New York City, NYC"
3616,KISP,medium_airport,Long Island Mac Arthur Airport,40.79520035,-73.10019684,99,NA,US,US-NY,Islip,yes,KISP,ISP,ISP,,http://en.wikipedia.org/wiki/Long_Island_MacArthur_Airport,
20193,KITH,medium_airport,Ithaca Tompkins Regional Airport,42.49100113,-76.45839691,1099,NA,US,US-NY,Ithaca,yes,KITH,ITH,ITH,,http://en.wikipedia.org/wiki/Ithaca_Tompkins_Regional_Airport,
3622,KJFK,large_airport,John F Kennedy International Airport,40.63980103,-73.77890015,13,NA,US,US-NY,New York,yes,KJFK,JFK,JFK,http://www.panynj.gov/CommutingTravel/airports/html/kennedy.html,http://en.wikipedia.org/wiki/John_F._Kennedy_International_Airport,"Manhattan, New York City, NYC, Idlewild"
3643,KLGA,large_airport,La Guardia Airport,40.77719879,-73.87259674,21,NA,US,US-NY,New York,yes,KLGA,LGA,LGA,http://www.panynj.gov/CommutingTravel/airports/html/laguardia.html,http://en.wikipedia.org/wiki/LaGuardia_Airport,"Manhattan, New York City, NYC, Glenn H. Curtiss Airport, North Beach Airport, La Guardia"
3710,KMSS,medium_airport,Massena International Richards Field,44.93579865,-74.84559631,215,NA,US,US-NY,Massena,yes,KMSS,MSS,MSS,http://www.massenaworks.com/town/airport.asp,http://en.wikipedia.org/wiki/Massena_International_Airport,
20808,KPBG,medium_airport,Plattsburgh International Airport,44.65090179,-73.4681015,234,NA,US,US-NY,Plattsburgh,yes,KPBG,PBG,PBG,http://www.plattsburghinternationalairport.com/,http://en.wikipedia.org/wiki/Plattsburgh_International_Airport,Plattsburgh Air Force Base
3855,KROC,large_airport,Greater Rochester International Airport,43.1189003,-77.67240143,559,NA,US,US-NY,Rochester,yes,KROC,ROC,ROC,,http://en.wikipedia.org/wiki/Greater_Rochester_International_Airport,
3890,KSLK,medium_airport,Adirondack Regional Airport,44.38529968,-74.20619965,1663,NA,US,US-NY,Saranac Lake,yes,KSLK,SLK,SLK,,http://en.wikipedia.org/wiki/Adirondack_Regional_Airport,
3911,KSWF,medium_airport,Stewart International Airport,41.5041008,-74.10479736,491,NA,US,US-NY,Newburgh,yes,KSWF,SWF,SWF,,http://en.wikipedia.org/wiki/Stewart_International_Airport,
3913,KSYR,large_airport,Syracuse Hancock International Airport,43.11119843,-76.10630035,421,NA,US,US-NY,Syracuse,yes,KSYR,SYR,SYR,http://www.syrairport.org/,http://en.wikipedia.org/wiki/Syracuse_Hancock_International_Airport,
3439,KCAK,medium_airport,Akron Canton Regional Airport,40.91609955,-81.44219971,1228,NA,US,US-OH,Akron,yes,KCAK,CAK,CAK,,http://en.wikipedia.org/wiki/Akron-Canton_Regional_Airport,
3454,KCLE,large_airport,Cleveland Hopkins International Airport,41.4117012,-81.84980011,791,NA,US,US-OH,Cleveland,yes,KCLE,CLE,CLE,http://www.clevelandairport.com/,http://en.wikipedia.org/wiki/Cleveland_Hopkins_International_Airport,
3458,KCMH,large_airport,Port Columbus International Airport,39.9980011,-82.89189911,815,NA,US,US-OH,Columbus,yes,KCMH,CMH,CMH,,http://en.wikipedia.org/wiki/Port_Columbus_International_Airport,
3481,KDAY,large_airport,James M Cox Dayton International Airport,39.90240097,-84.2193985,1009,NA,US,US-OH,Dayton,yes,KDAY,DAY,DAY,,http://en.wikipedia.org/wiki/Dayton_International_Airport,
20117,KHZY,small_airport,Northeast Ohio Regional Airport,41.77799988,-80.69550323,924,NA,US,US-OH,Ashtabula,yes,KHZY,JFN,HZY,http://www.neohioregionalairport.com/,http://en.wikipedia.org/wiki/Ashtabula_County_Airport,Ashtabula County
3925,KTOL,large_airport,Toledo Express Airport,41.58679962,-83.80780029,683,NA,US,US-OH,Toledo,yes,KTOL,TOL,TOL,,http://en.wikipedia.org/wiki/Toledo_Express_Airport,
3747,KOKC,large_airport,Will Rogers World Airport,35.39310074,-97.60070038,1295,NA,US,US-OK,Oklahoma City,yes,KOKC,OKC,OKC,,http://en.wikipedia.org/wiki/Will_Rogers_World_Airport,
3930,KTUL,large_airport,Tulsa International Airport,36.19839859,-95.88809967,677,NA,US,US-OK,Tulsa,yes,KTUL,TUL,TUL,,http://en.wikipedia.org/wiki/Tulsa_International_Airport,
45946,4OR1,heliport,McNary ARNG Field Heliport,44.912,-123.0015028,209,NA,US,US-OR,Salem,yes,4OR1,,4OR1,,http://en.wikipedia.org/wiki/McNary_ARNG_Field_Heliport,
3517,KEUG,medium_airport,Mahlon Sweet Field,44.12459946,-123.211998,374,NA,US,US-OR,Eugene,yes,KEUG,EUG,EUG,,http://en.wikipedia.org/wiki/Eugene_Airport,
3646,KLMT,medium_airport,Klamath Falls Airport,42.15610123,-121.7330017,4095,NA,US,US-OR,Klamath Falls,yes,KLMT,LMT,LMT,,http://en.wikipedia.org/wiki/Klamath_Falls_Airport,
3679,KMFR,medium_airport,Rogue Valley International Medford Airport,42.37419891,-122.8730011,1335,NA,US,US-OR,Medford,yes,KMFR,MFR,MFR,,http://en.wikipedia.org/wiki/Rogue_Valley_International-Medford_Airport,
3759,KOTH,medium_airport,Southwest Oregon Regional Airport,43.417099,-124.2460022,17,NA,US,US-OR,North Bend,yes,KOTH,OTH,OTH,,http://en.wikipedia.org/wiki/Southwest_Oregon_Regional_Airport,
3768,KPDX,large_airport,Portland International Airport,45.58869934,-122.5979996,31,NA,US,US-OR,Portland,yes,KPDX,PDX,PDX,,http://en.wikipedia.org/wiki/Portland_International_Airport,
3843,KRDM,medium_airport,Roberts Field,44.2541008,-121.1500015,3080,NA,US,US-OR,Redmond,yes,KRDM,RDM,RDM,,http://en.wikipedia.org/wiki/Roberts_Field,
23937,OR87,small_airport,Blue Skies Farm Airport,44.966111,-122.9225,200,NA,US,US-OR,Salem,yes,OR87,,OR87,,,
6738,03PN,heliport,M.P. Metals Heliport,41.066861,-76.180806,479,NA,US,US-PA,Berwick,yes,03PN,,03PN,,,
7791,12PA,heliport,Helicopter Applicators Inc Heliport,39.8495,-77.184167,612,NA,US,US-PA,Gettysburg,yes,12PA,,12PA,,,
3356,KABE,medium_airport,Lehigh Valley International Airport,40.65209961,-75.44080353,393,NA,US,US-PA,Allentown,yes,KABE,ABE,ABE,,http://en.wikipedia.org/wiki/Lehigh_Valley_International_Airport,
3380,KAOO,medium_airport,Altoona Blair County Airport,40.29639816,-78.31999969,1503,NA,US,US-PA,Altoona,yes,KAOO,AOO,AOO,,http://en.wikipedia.org/wiki/Altoona-Blair_County_Airport,
3388,KAVP,medium_airport,Wilkes Barre Scranton International Airport,41.33850098,-75.7233963,962,NA,US,US-PA,Wilkes-Barre/Scranton,yes,KAVP,AVP,AVP,http://www.flyavp.com/,http://en.wikipedia.org/wiki/Wilkes-Barre/Scranton_International_Airport,
3399,KBFD,medium_airport,Bradford Regional Airport,41.80310059,-78.64009857,2143,NA,US,US-PA,Bradford,yes,KBFD,BFD,BFD,,http://en.wikipedia.org/wiki/Bradford_Regional_Airport,
3498,KDUJ,medium_airport,DuBois Regional Airport,41.17829895,-78.8986969,1817,NA,US,US-PA,Dubois,yes,KDUJ,DUJ,DUJ,,http://en.wikipedia.org/wiki/DuBois_Regional_Airport,DuBois Jefferson County
3515,KERI,large_airport,Erie International Tom Ridge Field,42.08312701,-80.17386675,732,NA,US,US-PA,Erie,yes,KERI,ERI,ERI,,http://en.wikipedia.org/wiki/Erie_International_Airport,
3614,KIPT,medium_airport,Williamsport Regional Airport,41.2417984,-76.9210968,529,NA,US,US-PA,Williamsport,yes,KIPT,IPT,IPT,,http://en.wikipedia.org/wiki/Williamsport_Regional_Airport,
3625,KJST,medium_airport,John Murtha Johnstown Cambria County Airport,40.31610107,-78.83390045,2284,NA,US,US-PA,Johnstown,yes,KJST,JST,JST,,http://en.wikipedia.org/wiki/Johnstown-Cambria_County_Airport,
3634,KLBE,medium_airport,Arnold Palmer Regional Airport,40.27590179,-79.40480042,1199,NA,US,US-PA,Latrobe,yes,KLBE,LBE,LBE,,http://en.wikipedia.org/wiki/Arnold_Palmer_Regional_Airport,
3648,KLNS,medium_airport,Lancaster Airport,40.12170029,-76.2960968,403,NA,US,US-PA,Lancaster,yes,KLNS,LNS,LNS,,http://en.wikipedia.org/wiki/Lancaster_Airport_(Pennsylvania),
3672,KMDT,medium_airport,Harrisburg International Airport,40.19350052,-76.76339722,310,NA,US,US-PA,Harrisburg,yes,KMDT,MDT,MDT,http://www.flyhia.com/,http://en.wikipedia.org/wiki/Harrisburg_International_Airport,"Harrisburg,Lancaster,York,HIA,Middletown"
3771,KPHL,large_airport,Philadelphia International Airport,39.87189865,-75.2410965,36,NA,US,US-PA,Philadelphia,yes,KPHL,PHL,PHL,http://www.phl.org/,http://en.wikipedia.org/wiki/Philadelphia_International_Airport,
3778,KPIT,large_airport,Pittsburgh International Airport,40.49150085,-80.23290253,1203,NA,US,US-PA,Pittsburgh,yes,KPIT,PIT,PIT,,http://en.wikipedia.org/wiki/Pittsburgh_International_Airport,
3842,KRDG,medium_airport,Reading Regional Carl A Spaatz Field,40.37850189,-75.96520233,344,NA,US,US-PA,Reading,yes,KRDG,RDG,RDG,,http://en.wikipedia.org/wiki/Reading_Regional_Airport,
21300,KUNV,medium_airport,University Park Airport,40.84930038,-77.84870148,1239,NA,US,US-PA,State College,yes,KUNV,SCE,UNV,http://universityparkairport.com/,http://en.wikipedia.org/wiki/University_Park_Airport,
16500,KBID,small_airport,Block Island State Airport,41.16809845,-71.57779694,108,NA,US,US-RI,Block Island,yes,KBID,BID,BID,http://www.blockislandri.net/blockislandairport.htm,http://en.wikipedia.org/wiki/Block_Island_State_Airport,
3795,KPVD,medium_airport,Theodore Francis Green State Airport,41.73260117,-71.42040253,55,NA,US,US-RI,Providence,yes,KPVD,PVD,PVD,,http://en.wikipedia.org/wiki/T._F._Green_Airport,
21382,KWST,small_airport,Westerly State Airport,41.34960175,-71.80339813,81,NA,US,US-RI,Westerly,yes,KWST,WST,WST,,http://en.wikipedia.org/wiki/Westerly_State_Airport,
3438,KCAE,large_airport,Columbia Metropolitan Airport,33.93880081,-81.11949921,236,NA,US,US-SC,Columbia,yes,KCAE,CAE,CAE,,http://en.wikipedia.org/wiki/Columbia_Metropolitan_Airport,
3450,KCHS,large_airport,Charleston Air Force Base-International Airport,32.89860153,-80.04049683,46,NA,US,US-SC,Charleston,yes,KCHS,CHS,CHS,,http://en.wikipedia.org/wiki/Charleston_International_Airport,Charleston Air Force Base
3532,KFLO,medium_airport,Florence Regional Airport,34.1853981,-79.72389984,146,NA,US,US-SC,Florence,yes,KFLO,FLO,FLO,,http://en.wikipedia.org/wiki/Florence_Regional_Airport,
3569,KGSP,large_airport,Greenville Spartanburg International Airport,34.89569855,-82.21890259,964,NA,US,US-SC,Greenville,yes,KGSP,GSP,GSP,,http://en.wikipedia.org/wiki/Greenville-Spartanburg_International_Airport,
3717,KMYR,medium_airport,Myrtle Beach International Airport,33.67969894,-78.92829895,25,NA,US,US-SC,Myrtle Beach,yes,KMYR,MYR,MYR,,http://en.wikipedia.org/wiki/Myrtle_Beach_International_Airport,
3358,KABR,medium_airport,Aberdeen Regional Airport,45.44910049,-98.42179871,1302,NA,US,US-SD,Aberdeen,yes,KABR,ABR,ABR,,http://en.wikipedia.org/wiki/Aberdeen_Regional_Airport,
3385,KATY,medium_airport,Watertown Regional Airport,44.91400146,-97.15470123,1749,NA,US,US-SD,Watertown,yes,KATY,ATY,ATY,,http://en.wikipedia.org/wiki/Watertown_Regional_Airport,
19386,KBKX,small_airport,Brookings Regional Airport,44.30479813,-96.81690216,1648,NA,US,US-SD,Brookings,yes,KBKX,BKX,BKX,,,
3541,KFSD,medium_airport,Joe Foss Field Airport,43.58200073,-96.74189758,1429,NA,US,US-SD,Sioux Falls,yes,KFSD,FSD,FSD,http://www.sfairport.com/,http://en.wikipedia.org/wiki/Sioux_Falls_Regional_Airport,"Joe Foss Field, Fighting Lobos, Sioux Falls Army Air Base, 114th Fighter Wing, Sioux Falls Regional Airport"
3585,KHON,medium_airport,Huron Regional Airport,44.3852005,-98.22850037,1289,NA,US,US-SD,Huron,yes,KHON,HON,HON,,http://en.wikipedia.org/wiki/Huron_Regional_Airport,
3777,KPIR,medium_airport,Pierre Regional Airport,44.38270187,-100.2860031,1744,NA,US,US-SD,Pierre,yes,KPIR,PIR,PIR,,http://en.wikipedia.org/wiki/Pierre_Regional_Airport,
3838,KRAP,medium_airport,Rapid City Regional Airport,44.04529953,-103.0569992,3204,NA,US,US-SD,Rapid City,yes,KRAP,RAP,RAP,,http://en.wikipedia.org/wiki/Rapid_City_Regional_Airport,
3420,KBNA,large_airport,Nashville International Airport,36.12450027,-86.67819977,599,NA,US,US-TN,Nashville,yes,KBNA,BNA,BNA,,http://en.wikipedia.org/wiki/Nashville_International_Airport,
3448,KCHA,large_airport,Lovell Field,35.03530121,-85.20379639,683,NA,US,US-TN,Chattanooga,yes,KCHA,CHA,CHA,,http://en.wikipedia.org/wiki/Chattanooga_Metropolitan_Airport,
3675,KMEM,large_airport,Memphis International Airport,35.04240036,-89.97669983,341,NA,US,US-TN,Memphis,yes,KMEM,MEM,MEM,,http://en.wikipedia.org/wiki/Memphis_International_Airport,
3692,KMKL,medium_airport,Mc Kellar Sipes Regional Airport,35.59989929,-88.91560364,434,NA,US,US-TN,Jackson,yes,KMKL,MKL,MKL,,http://en.wikipedia.org/wiki/McKellar-Sipes_Regional_Airport,
3928,KTRI,large_airport,Tri Cities Regional Tn Va Airport,36.47520065,-82.40740204,1519,NA,US,US-TN,Bristol/Johnson/Kingsport,yes,KTRI,TRI,TRI,,http://en.wikipedia.org/wiki/Tri-Cities_Regional_Airport,
3938,KTYS,large_airport,McGhee Tyson Airport,35.81100082,-83.9940033,981,NA,US,US-TN,Knoxville,yes,KTYS,TYS,TYS,,http://en.wikipedia.org/wiki/McGhee_Tyson_Airport,
9942,30TX,small_airport,Burg Lake Aero Airport,30.2323611,-98.6549722,1463,NA,US,US-TX,Stonewall,yes,30TX,,30TX,http://www.burgaero.com/,,
12749,5XS5,small_airport,Wits End Ranch Airport,32.54277778,-95.70861111,545,NA,US,US-TX,Van,yes,5XS5,,5XS5,,,
15551,97XS,small_airport,Tilghman Airport,33.432833,-96.479467,741,NA,US,US-TX,Van Alstyne,yes,97XS,,97XS,,,
3357,KABI,medium_airport,Abilene Regional Airport,32.41130066,-99.68190002,1791,NA,US,US-TX,Abilene,yes,KABI,ABI,ABI,,http://en.wikipedia.org/wiki/Abilene_Regional_Airport,
3361,KACT,medium_airport,Waco Regional Airport,31.61129951,-97.23049927,516,NA,US,US-TX,Waco,yes,KACT,ACT,ACT,,http://en.wikipedia.org/wiki/Waco_Regional_Airport,
3377,KAMA,large_airport,Rick Husband Amarillo International Airport,35.2193985,-101.7060013,3607,NA,US,US-TX,Amarillo,yes,KAMA,AMA,AMA,,http://en.wikipedia.org/wiki/Rick_Husband_Amarillo_International_Airport,
3386,KAUS,large_airport,Austin Bergstrom International Airport,30.19449997,-97.66989899,542,NA,US,US-TX,Austin,yes,KAUS,AUS,AUS,http://www.ci.austin.tx.us/austinairport/,http://en.wikipedia.org/wiki/Austin-Bergstrom_International_Airport,
3423,KBPT,medium_airport,Southeast Texas Regional Airport,29.95079994,-94.02069855,15,NA,US,US-TX,Beaumont/Port Arthur,yes,KBPT,BPT,BPT,,http://en.wikipedia.org/wiki/Southeast_Texas_Regional_Airport,
3426,KBRO,medium_airport,Brownsville South Padre Island International Airport,25.90679932,-97.42590332,22,NA,US,US-TX,Brownsville,yes,KBRO,BRO,BRO,,http://en.wikipedia.org/wiki/Brownsville/South_Padre_Island_International_Airport,
3455,KCLL,medium_airport,Easterwood Field,30.58860016,-96.36380005,320,NA,US,US-TX,College Station,yes,KCLL,CLL,CLL,,http://en.wikipedia.org/wiki/Easterwood_Airport,
3466,KCRP,large_airport,Corpus Christi International Airport,27.77039909,-97.50119781,44,NA,US,US-TX,Corpus Christi,yes,KCRP,CRP,CRP,,http://en.wikipedia.org/wiki/Corpus_Christi_International_Airport,
3479,KDAL,large_airport,Dallas Love Field,32.8470993,-96.85179901,487,NA,US,US-TX,Dallas,yes,KDAL,DAL,DAL,,http://en.wikipedia.org/wiki/Dallas_Love_Field,QDF
3488,KDFW,large_airport,Dallas Fort Worth International Airport,32.89680099,-97.03800201,607,NA,US,US-TX,Dallas-Fort Worth,yes,KDFW,DFW,DFW,http://www.dfwairport.com/,http://en.wikipedia.org/wiki/Dallas-Fort_Worth_International_Airport,QDF
3512,KELP,medium_airport,El Paso International Airport,31.80719948,-106.3779984,3959,NA,US,US-TX,El Paso,yes,KELP,ELP,ELP,,http://en.wikipedia.org/wiki/El_Paso_International_Airport,
3555,KGGG,medium_airport,East Texas Regional Airport,32.38399887,-94.71150208,365,NA,US,US-TX,Longview,yes,KGGG,GGG,GGG,,http://en.wikipedia.org/wiki/East_Texas_Regional_Airport,
3565,KGRK,medium_airport,Robert Gray  Army Air Field Airport,31.06719971,-97.8289032,1015,NA,US,US-TX,Fort Hood/Killeen,yes,KGRK,GRK,GRK,,http://en.wikipedia.org/wiki/Killeen-Fort_Hood_Regional_Airport,Robert Gray Army Air Field
3588,KHOU,large_airport,William P Hobby Airport,29.64539909,-95.27890015,46,NA,US,US-TX,Houston,yes,KHOU,HOU,HOU,http://www.fly2houston.com/hobbyHome,http://en.wikipedia.org/wiki/William_P._Hobby_Airport,QHO
3591,KHRL,medium_airport,Valley International Airport,26.22850037,-97.65440369,36,NA,US,US-TX,Harlingen,yes,KHRL,HRL,HRL,,http://en.wikipedia.org/wiki/Valley_International_Airport,
3604,KIAH,large_airport,George Bush Intercontinental Houston Airport,29.9843998,-95.34140015,97,NA,US,US-TX,Houston,yes,KIAH,IAH,IAH,http://www.fly2houston.com/iah,http://en.wikipedia.org/wiki/George_Bush_Intercontinental_Airport,QHO
3633,KLBB,large_airport,Lubbock Preston Smith International Airport,33.66360092,-101.822998,3282,NA,US,US-TX,Lubbock,yes,KLBB,LBB,LBB,,http://en.wikipedia.org/wiki/Lubbock_Preston_Smith_International_Airport,
3651,KLRD,medium_airport,Laredo International Airport,27.54380035,-99.46160126,508,NA,US,US-TX,Laredo,yes,KLRD,LRD,LRD,,http://en.wikipedia.org/wiki/Laredo_International_Airport,
3663,KMAF,medium_airport,Midland International Airport,31.94249916,-102.2020035,2871,NA,US,US-TX,Midland,yes,KMAF,MAF,MAF,,http://en.wikipedia.org/wiki/Midland_International_Airport,
3678,KMFE,medium_airport,Mc Allen Miller International Airport,26.17580032,-98.23860168,107,NA,US,US-TX,Mc Allen,yes,KMFE,MFE,MFE,,http://en.wikipedia.org/wiki/McAllen-Miller_International_Airport,
3863,KSAT,large_airport,San Antonio International Airport,29.53370094,-98.46980286,809,NA,US,US-TX,San Antonio,yes,KSAT,SAT,SAT,,http://en.wikipedia.org/wiki/San_Antonio_International_Airport,
3884,KSJT,medium_airport,San Angelo Regional Mathis Field,31.35770035,-100.4960022,1919,NA,US,US-TX,San Angelo,yes,KSJT,SJT,SJT,,http://en.wikipedia.org/wiki/San_Angelo_Regional_Airport,
3898,KSPS,large_airport,Sheppard Air Force Base-Wichita Falls Municipal Airport,33.98880005,-98.49189758,1019,NA,US,US-TX,Wichita Falls,yes,KSPS,SPS,SPS,,http://en.wikipedia.org/wiki/Wichita_Falls_Municipal_Airport,Sheppard Air Force Base
3937,KTYR,medium_airport,Tyler Pounds Regional Airport,32.35409927,-95.40239716,544,NA,US,US-TX,Tyler,yes,KTYR,TYR,TYR,,http://en.wikipedia.org/wiki/Tyler_Pounds_Regional_Airport,
3945,KVCT,medium_airport,Victoria Regional Airport,28.8526001,-96.91850281,115,NA,US,US-TX,Victoria,yes,KVCT,VCT,VCT,,http://en.wikipedia.org/wiki/Victoria_Regional_Airport,
24724,TA16,small_airport,Travis Field Airport,33.442864,-100.854572,2317,NA,US,US-TX,Spur,yes,TA16,,TA16,,,
313798,US-0264,closed,Ravenswood Airport,42,87,,NA,US,US-U-A,,yes,,,,,,
3442,KCDC,medium_airport,Cedar City Regional Airport,37.70100021,-113.098999,5622,NA,US,US-UT,Cedar City,yes,KCDC,CDC,CDC,,http://en.wikipedia.org/wiki/Cedar_City_Regional_Airport,
3746,KOGD,medium_airport,Ogden Hinckley Airport,41.19589996,-112.012001,4473,NA,US,US-UT,Ogden,yes,KOGD,OGD,OGD,http://flyogden.com/,http://en.wikipedia.org/wiki/Ogden-Hinckley_Airport,
3887,KSLC,large_airport,Salt Lake City International Airport,40.78839874,-111.9779968,4227,NA,US,US-UT,Salt Lake City,yes,KSLC,SLC,SLC,,http://en.wikipedia.org/wiki/Salt_Lake_City_International_Airport,
6799,04VA,heliport,Russell County Medical Center Heliport,36.898,-82.078,2004,NA,US,US-VA,Lebanon,yes,04VA,,04VA,,,
3449,KCHO,medium_airport,Charlottesville Albemarle Airport,38.1385994,-78.45290375,639,NA,US,US-VA,Charlottesville,yes,KCHO,CHO,CHO,,http://en.wikipedia.org/wiki/Charlottesville-Albemarle_Airport,
3662,KLYH,medium_airport,Lynchburg Regional Preston Glenn Field,37.3266983,-79.20040131,938,NA,US,US-VA,Lynchburg,yes,KLYH,LYH,LYH,,http://en.wikipedia.org/wiki/Lynchburg_Regional_Airport,
3755,KORF,large_airport,Norfolk International Airport,36.89459991,-76.20120239,26,NA,US,US-VA,Norfolk,yes,KORF,ORF,ORF,,http://en.wikipedia.org/wiki/Norfolk_International_Airport,
3770,KPHF,large_airport,Newport News Williamsburg International Airport,37.13190079,-76.49299622,42,NA,US,US-VA,Newport News,yes,KPHF,PHF,PHF,,http://en.wikipedia.org/wiki/Newport_News/Williamsburg_International_Airport,
3847,KRIC,large_airport,Richmond International Airport,37.50519943,-77.31970215,167,NA,US,US-VA,Richmond,yes,KRIC,RIC,RIC,,http://en.wikipedia.org/wiki/Richmond_International_Airport,
3854,KROA,large_airport,RoanokeBlacksburg Regional Airport,37.32550049,-79.97540283,1175,NA,US,US-VA,Roanoke,yes,KROA,ROA,ROA,,http://en.wikipedia.org/wiki/Roanoke%E2%80%93Blacksburg_Regional_Airport,Woodrum Field
21066,KSHD,small_airport,Shenandoah Valley Regional Airport,38.26380157,-78.89640045,1201,NA,US,US-VA,Staunton/Waynesboro/Harrisonburg,yes,KSHD,SHD,SHD,,http://en.wikipedia.org/wiki/Shenandoah_Valley_Regional_Airport,
3430,KBTV,medium_airport,Burlington International Airport,44.47190094,-73.15329742,335,NA,US,US-VT,Burlington,yes,KBTV,BTV,BTV,http://www.vermontairports.com/btv.html,http://en.wikipedia.org/wiki/Burlington_International_Airport,
3859,KRUT,medium_airport,Rutland - Southern Vermont Regional Airport,43.52939987,-72.94960022,787,NA,US,US-VT,Rutland,yes,KRUT,RUT,RUT,,http://en.wikipedia.org/wiki/Rutland_State_Airport,
3376,KALW,medium_airport,Walla Walla Regional Airport,46.09489822,-118.288002,1194,NA,US,US-WA,Walla Walla,yes,KALW,ALW,ALW,,http://en.wikipedia.org/wiki/Walla_Walla_Regional_Airport,
3401,KBFI,large_airport,Boeing Field King County International Airport,47.52999878,-122.302002,21,NA,US,US-WA,Seattle,yes,KBFI,BFI,BFI,,http://en.wikipedia.org/wiki/Boeing_Field,
3416,KBLI,medium_airport,Bellingham International Airport,48.7928009,-122.538002,170,NA,US,US-WA,Bellingham,yes,KBLI,BLI,BLI,,http://en.wikipedia.org/wiki/Bellingham_International_Airport,
3456,KCLM,medium_airport,William R Fairchild International Airport,48.12020111,-123.5,291,NA,US,US-WA,Port Angeles,yes,KCLM,CLM,CLM,,http://en.wikipedia.org/wiki/William_R._Fairchild_International_Airport,
19868,KFHR,small_airport,Friday Harbor Airport,48.52199936,-123.0240021,113,NA,US,US-WA,Friday Harbor,yes,KFHR,FRD,FHR,http://www.portfridayharbor.org/?page_id=49,http://en.wikipedia.org/wiki/Friday_Harbor_Airport,
3552,KGEG,large_airport,Spokane International Airport,47.61989975,-117.5339966,2376,NA,US,US-WA,Spokane,yes,KGEG,GEG,GEG,,http://en.wikipedia.org/wiki/Spokane_International_Airport,
23952,KORS,small_airport,Orcas Island Airport,48.70819855,-122.9100037,31,NA,US,US-WA,Eastsound,yes,KORS,ESD,ORS,http://www.portoforcas.com/,http://en.wikipedia.org/wiki/Orcas_Island_Airport,
20870,KPSC,medium_airport,Tri Cities Airport,46.26470184,-119.1190033,410,NA,US,US-WA,Pasco,yes,KPSC,PSC,PSC,,,
20883,KPUW,medium_airport,Pullman Moscow Regional Airport,46.7439003,-117.1100006,2556,NA,US,US-WA,"Pullman/Moscow,Id",yes,KPUW,PUW,PUW,http://www.pullman-wa.gov/airport/,http://en.wikipedia.org/wiki/Pullman-Moscow_Regional_Airport,
3875,KSEA,large_airport,Seattle Tacoma International Airport,47.44900131,-122.3089981,433,NA,US,US-WA,Seattle,yes,KSEA,SEA,SEA,http://www.portseattle.org/seatac/,http://en.wikipedia.org/wiki/Seattle-Tacoma_International_Airport,
3958,KYKM,medium_airport,Yakima Air Terminal McAllister Field,46.56819916,-120.5439987,1099,NA,US,US-WA,Yakima,yes,KYKM,YKM,YKM,,http://en.wikipedia.org/wiki/Yakima_Air_Terminal,
24373,S31,small_airport,Lopez Island Airport,48.48389816,-122.9380035,209,NA,US,US-WA,Lopez,yes,S31,LPS,S31,,http://en.wikipedia.org/wiki/Lopez_Island_Airport,
24380,S60,seaplane_base,Kenmore Air Harbor Inc Seaplane Base,47.75479889,-122.2590027,14,NA,US,US-WA,Kenmore,yes,S60,KEH,S60,,http://en.wikipedia.org/wiki/Kenmore_Air_Harbor,
25589,W55,seaplane_base,Kenmore Air Harbor Seaplane Base,47.62900162,-122.3389969,14,NA,US,US-WA,Seattle,yes,W55,LKE,W55,,,
3501,KEAU,medium_airport,Chippewa Valley Regional Airport,44.86579895,-91.48429871,913,NA,US,US-WI,Eau Claire,yes,KEAU,EAU,EAU,,http://en.wikipedia.org/wiki/Chippewa_Valley_Regional_Airport,
3562,KGRB,large_airport,Austin Straubel International Airport,44.48509979,-88.12960052,695,NA,US,US-WI,Green Bay,yes,KGRB,GRB,GRB,,http://en.wikipedia.org/wiki/Austin_Straubel_International_Airport,
3654,KLSE,medium_airport,La Crosse Municipal Airport,43.87900162,-91.25669861,655,NA,US,US-WI,La Crosse,yes,KLSE,LSE,LSE,,http://en.wikipedia.org/wiki/La_Crosse_Municipal_Airport,
3690,KMKE,large_airport,General Mitchell International Airport,42.94720078,-87.89659882,723,NA,US,US-WI,Milwaukee,yes,KMKE,MKE,MKE,,http://en.wikipedia.org/wiki/General_Mitchell_International_Airport,
3707,KMSN,large_airport,Dane County Regional Truax Field,43.13990021,-89.33750153,887,NA,US,US-WI,Madison,yes,KMSN,MSN,MSN,,http://en.wikipedia.org/wiki/Dane_County_Regional_Airport,
3846,KRHI,medium_airport,Rhinelander Oneida County Airport,45.63119888,-89.46749878,1624,NA,US,US-WI,Rhinelander,yes,KRHI,RHI,RHI,,http://en.wikipedia.org/wiki/Rhinelander-Oneida_County_Airport,
3415,KBKW,medium_airport,Raleigh County Memorial Airport,37.78730011,-81.12419891,2504,NA,US,US-WV,Beckley,yes,KBKW,BKW,BKW,,http://en.wikipedia.org/wiki/Beckley_Raleigh_County_Memorial_Airport,
19387,KBLF,medium_airport,Mercer County Airport,37.29579926,-81.20770264,2857,NA,US,US-WV,Bluefield,yes,KBLF,BLF,BLF,,http://en.wikipedia.org/wiki/Mercer_County_Airport_(West_Virginia),
3453,KCKB,medium_airport,North Central West Virginia Airport,39.29660034,-80.22810364,1217,NA,US,US-WV,Clarksburg,yes,KCKB,CKB,CKB,,http://en.wikipedia.org/wiki/Harrison/Marion_Regional_Airport,
3467,KCRW,large_airport,Yeager Airport,38.37310028,-81.59320068,981,NA,US,US-WV,Charleston,yes,KCRW,CRW,CRW,,http://en.wikipedia.org/wiki/Yeager_Airport,
3595,KHTS,large_airport,Tri-State/Milton J. Ferguson Field,38.36669922,-82.55799866,828,NA,US,US-WV,Huntington,yes,KHTS,HTS,HTS,,http://en.wikipedia.org/wiki/Tri-State_Airport,
3682,KMGW,medium_airport,Morgantown Municipal Walter L. Bill Hart Field,39.64289856,-79.91629791,1248,NA,US,US-WV,Morgantown,yes,KMGW,MGW,MGW,,http://en.wikipedia.org/wiki/Morgantown_Municipal_Airport,
3779,KPKB,medium_airport,Mid Ohio Valley Regional Airport,39.3451004,-81.43920135,858,NA,US,US-WV,Parkersburg,yes,KPKB,PKB,PKB,,http://en.wikipedia.org/wiki/Mid-Ohio_Valley_Regional_Airport,
3465,KCPR,large_airport,Casper-Natrona County International Airport,42.90800095,-106.4639969,5350,NA,US,US-WY,Casper,yes,KCPR,CPR,CPR,,http://en.wikipedia.org/wiki/Natrona_County_International_Airport,
3476,KCYS,medium_airport,Cheyenne Regional Jerry Olson Field,41.15570068,-104.8119965,6159,NA,US,US-WY,Cheyenne,yes,KCYS,CYS,CYS,,http://en.wikipedia.org/wiki/Cheyenne_Regional_Airport,
19929,KGCC,medium_airport,Gillette Campbell County Airport,44.34889984,-105.5390015,4365,NA,US,US-WY,Gillette,yes,KGCC,GCC,GCC,http://www.iflygillette.com/,http://en.wikipedia.org/wiki/Gillette%E2%80%93Campbell_County_Airport,
3618,KJAC,medium_airport,Jackson Hole Airport,43.6072998,-110.737999,6451,NA,US,US-WY,Jackson,yes,KJAC,JAC,JAC,,http://en.wikipedia.org/wiki/Jackson_Hole_Airport,
3630,KLAR,medium_airport,Laramie Regional Airport,41.31209946,-105.6750031,7284,NA,US,US-WY,Laramie,yes,KLAR,LAR,LAR,,http://en.wikipedia.org/wiki/Laramie_Regional_Airport,
3850,KRKS,medium_airport,Rock Springs Sweetwater County Airport,41.59420013,-109.0650024,6764,NA,US,US-WY,Rock Springs,yes,KRKS,RKS,RKS,,http://en.wikipedia.org/wiki/Rock_Springs_-_Sweetwater_County_Airport,
3881,KSHR,medium_airport,Sheridan County Airport,44.76919937,-106.9800034,4021,NA,US,US-WY,Sheridan,yes,KSHR,SHR,SHR,,http://en.wikipedia.org/wiki/Sheridan_County_Airport,
3953,KWRL,medium_airport,Worland Municipal Airport,43.96569824,-107.9509964,4227,NA,US,US-WY,Worland,yes,KWRL,WRL,WRL,,http://en.wikipedia.org/wiki/Worland_Municipal_Airport,